CID,IDSURVEY,zHD,zHDERR,zCMB,zCMBERR,zHEL,zHELERR,m_b_corr,m_b_corr_err_DIAG,MU_SH0ES,MU_SH0ES_ERR_DIAG,CEPH_DIST,IS_CALIBRATOR,USED_IN_SH0ES_HF,c,cERR,x1,x1ERR,mB,mBERR,x0,x0ERR,COV_x1_c,COV_x1_x0,COV_c_x0,RA,DEC,HOST_RA,HOST_DEC,HOST_ANGSEP,VPEC,VPECERR,MWEBV,HOST_LOGMASS,HOST_LOGMASS_ERR,PKMJD,PKMJDERR,NDOF,FITCHI2,FITPROB,m_b_corr_err_RAW,m_b_corr_err_VPEC,biasCor_m_b,biasCorErr_m_b,biasCor_m_b_COVSCALE,biasCor_m_b_COVADD,blast_transient_spectroscopic_class,blast_transient_photometric_class,blast_host_name,blast_host_ra_deg,blast_host_dec_deg,blast_host_redshift,blast_host_EBV_MW,blast_local_log_mass_50,blast_local_log_sfr_50,blast_local_log_ssfr_50,blast_local_log_age_50,blast_local_mass_surviving_ratio,blast_global_log_mass_50,blast_global_log_sfr_50,blast_global_log_ssfr_50,blast_global_log_age_50,blast_global_mass_surviving_ratio
1997bp,62,0.00864,0.00085,0.00931,0.00015,0.00817,0.00015,13.1668,0.42436,32.4198,0.425219,32.5982,1,0,0.11503,0.027946,-0.05696,0.055661,13.6576,0.0415332,0.0617989,0.00236402,-0.000227626,1.5403e-05,-4.80997e-05,191.724,-11.6425,-999,-999,-9.0,201.132,250,0.0380864,9.75,0.43,50550.2,0.1065,46,842.551,0.0,0.0645,0.2145,0.0743,0.012,1.0,0.038,,,,,,,,,,,,,,,,,
ASASSN-16jf,150,0.01096,0.00084,0.0104,1e-05,0.01144,1e-05,14.3179,0.313698,33.5709,0.314858,-9.0,0,0,-0.031719,0.042517,-1.97973,0.15325,14.6019,0.0491948,0.0258962,0.00117336,1.99995e-05,-5.54312e-05,-4.22351e-05,339.247,-25.232,-999,-999,-9.0,-166.92,250,0.0203573,8.01649,0.013,57629.9,0.2221,8,25.7163,0.00117435,0.0997,0.1673,0.0376,0.004,1.0,0.008,,,,,,,,,,,,,,,,,
1992bs,50,0.06372,0.0009,0.0637,0.00015,0.06405,0.00015,18.0987,0.204745,37.3517,0.206518,-9.0,0,1,-0.046839,0.048183,-0.254896,0.12543,18.0085,0.0409461,0.00112357,4.23728e-05,-0.00107221,1.62982e-06,-1.49697e-06,52.3749,-37.2718,-999,-999,-9.0,-4.4741,250,0.0104577,10.5104,0.28089,48986.0,0.4364,29,30.918,0.3693,0.1257,0.0316,-0.0354,0.003,1.0,0.003,,,,,,,,,,,,,,,,,
13038,1,0.10507,0.00508,0.10485,0.005,0.1062,0.005,19.1765,0.234634,38.4295,0.236183,-9.0,0,0,-0.02399,0.023079,1.43036,0.14627,18.9637,0.0370706,0.000466167,1.59164e-05,0.000662813,-9.71472e-07,-2.92174e-07,347.827,0.5046,-9,-9,-9.0,-60.2355,250,0.033158,8.87462,-9.0,53988.7,0.1443,53,41.1666,0.8814,0.0531,0.1102,0.02,0.008,1.0,0.012,,,,,,,,,,,,,,,,,
15171,1,0.13826,0.00107,0.13818,0.0005,0.1392,0.0005,19.6973,0.157441,38.9503,0.15974,-9.0,0,1,-0.072561,0.025914,0.67029,0.14725,19.4545,0.0577537,0.000296608,1.57775e-05,0.000256604,-1.44907e-07,-2.98156e-07,304.793,-1.0645,-9,-9,1.163,-19.2613,250,0.0919506,9.85121,0.142,54029.1,0.1382,65,79.4026,0.10788,0.0588,0.0179,0.0281,0.003,1.0,0.008,,,,,,,,,,,,,,,,,
17391,1,0.1836,0.00111,0.18345,0.0005,0.1849,0.0005,20.3465,0.29295,39.5995,0.294191,-9.0,0,0,0.024238,0.046001,0.34173,0.659,20.4262,0.0693015,0.000121206,7.73646e-06,-0.0104561,2.28557e-06,-2.3522e-07,347.552,-0.9314,-9,-9,-9.0,-36.6158,250,0.0317044,7.0,-9.0,54345.1,1.7315,40,34.3364,0.7225,0.1583,0.0142,0.0028,0.006,1.0,0.016,,,,,,,,,,,,,,,,,
1316431,10,0.19828,0.0051,0.19815,0.005,0.199,0.005,20.6349,0.172306,39.8879,0.174409,-9.0,0,0,-0.092458,0.026912,1.29871,0.1308,20.254,0.0387095,0.000142036,5.06398e-06,1.36672e-05,-7.13073e-08,-1.10678e-07,42.2394,-0.4084,-999,-999,-9.0,-32.5934,250,0.0435636,7.0,2.0,57018.9,0.1316,26,33.1222,0.15858,0.0619,0.0609,0.0442,0.004,1.0,0.007,,,,,,,,,,,,,,,,,
16032,1,0.20331,0.00112,0.20318,0.0005,0.204,0.0005,20.6747,0.171689,39.9277,0.173799,-9.0,0,0,-0.103496,0.034717,-0.740612,0.23563,20.5278,0.0476505,0.000110378,4.84426e-06,0.0016901,-3.98825e-07,-1.22406e-07,44.0692,-0.4108,-9,-9,-9.0,-31.2577,250,0.056301,7.0,-9.0,54046.4,0.1779,42,25.8042,0.97667,0.0854,0.0131,0.0115,0.008,1.0,0.005,,,,,,,,,,,,,,,,,
17811,1,0.212,0.00113,0.21186,0.0005,0.2132,0.0005,20.6606,0.192614,39.9136,0.194498,-9.0,0,0,-0.130649,0.032976,1.08099,0.30058,20.2386,0.0424726,0.000144066,5.63566e-06,-2.27791e-05,-7.01687e-07,-1.22861e-07,12.8787,-0.9474,-9,-9,-9.0,-35.4819,250,0.0381921,7.0,-9.0,54355.4,0.2847,38,29.9375,0.82167,0.1008,0.0127,0.0891,0.006,1.0,0.005,,,,,,,,,,,,,,,,,
6933,1,0.21398,0.0051,0.21383,0.005,0.2152,0.005,20.6344,0.195634,39.8874,0.197488,-9.0,0,0,-0.022316,0.032651,0.084513,0.23882,20.5739,0.0362115,0.000105786,3.52817e-06,0.00102712,-2.47341e-07,-8.24149e-08,11.3517,1.0756,-9,-9,-9.0,-37.5118,250,0.0202861,7.0,-9.0,53679.9,0.2384,32,34.3579,0.35541,0.0864,0.0568,-0.0314,0.004,1.0,0.008,,,,,,,,,,,,,,,,,
1342255,10,0.21899,0.00113,0.21886,0.0005,0.21976,0.0005,20.7766,0.127998,40.0296,0.130815,-9.0,0,0,-0.104301,0.026995,0.4683,0.25592,20.4589,0.0337705,0.000117609,3.65807e-06,0.00145316,-2.62186e-07,-8.21483e-08,40.7435,-0.2674,-999,-999,2.83,-30.6372,250,0.0241139,10.024,0.0665,57390.7,0.1821,12,6.12526,0.90964,0.0662,0.0123,0.0215,0.002,1.0,0.003,,,,,,,,,,,,,,,,,
7512,1,0.22066,0.0051,0.22055,0.005,0.2212,0.005,20.9346,0.22365,40.1876,0.225274,-9.0,0,0,-0.001003,0.039741,0.5115,0.37729,20.8819,0.0619624,7.96632e-05,4.54633e-06,0.00226012,-5.05218e-07,-1.21203e-07,52.0903,-0.3261,-9,-9,-9.0,-26.2724,250,0.0883678,7.0,-9.0,53682.5,0.364,40,37.1684,0.59844,0.1093,0.0552,-0.0266,0.005,1.0,0.009,,,,,,,,,,,,,,,,,
020096,15,0.22578,0.00143,0.22563,0.001,0.225,0.001,20.7335,0.17388,39.9865,0.175963,-9.0,0,0,-0.076474,0.033151,-0.69326,0.21577,20.6652,0.0393925,9.72541e-05,3.52856e-06,0.000766081,-2.70613e-07,-8.99147e-08,161.314,58.1927,-999,-999,22.0265,-37.0486,250,0.00900839,9.059,0.642,55281.4,0.2591,19,21.0752,0.33266,0.0849,0.0151,0.0135,0.004,1.0,0.007,,,,,,,,,,,,,,,,,
180561,15,0.22865,0.00143,0.22853,0.001,0.23,0.001,20.9074,0.307057,40.1604,0.308241,-9.0,0,0,0.13764,0.031705,0.0111,0.21475,21.4335,0.044018,4.79297e-05,1.94317e-06,0.00106397,-1.63924e-07,-4.71062e-08,334.462,1.4684,-999,-999,22.5499,-29.1911,250,0.0421341,8.444,0.724,55784.1,0.1859,44,51.8466,0.19449,0.079,0.015,0.0497,0.008,1.0,0.035,,,,,,,,,,,,,,,,,
3377,1,0.24459,0.00115,0.24449,0.0005,0.2451,0.0005,20.8733,0.184175,40.1263,0.186144,-9.0,0,0,-0.076832,0.037394,1.0447,0.31262,20.5787,0.0582352,0.00010532,5.64902e-06,0.00061568,-5.10338e-07,-1.34771e-07,54.1562,1.0792,-9,-9,1.223,-24.7739,250,0.088019,9.666,0.194,53645.9,0.3353,50,31.2598,0.98253,0.1071,0.0113,0.0447,0.005,1.0,0.004,,,,,,,,,,,,,,,,,
05D3mq,4,0.2466,0.00144,0.24649,0.001,0.246,0.001,21.1377,0.152782,40.3907,0.15515,-9.0,0,0,-0.009672,0.025576,-0.703263,0.16543,21.2325,0.0288841,5.76772e-05,1.5344e-06,0.000573218,-7.55799e-08,-3.24005e-08,214.752,52.3851,-999,-999,-9.0,-27.8154,250,0.00861141,10.723,0.0765,53575.8,0.1515,8,6.47969,0.59366,0.0632,0.0141,-0.0315,0.013,1.0,0.007,,,,,,,,,,,,,,,,,
3451,1,0.24846,0.00104,0.24835,4e-05,0.24984,4e-05,20.95,0.175101,40.203,0.17717,-9.0,0,0,-0.0527,0.03874,0.69046,0.32834,20.7126,0.0478176,9.31067e-05,4.10057e-06,0.000758576,-5.57292e-07,-9.42393e-08,334.069,0.7081,-9,-9,2.661,-26.3738,250,0.0482842,10.839,0.115,53645.1,0.3224,43,32.1319,0.88778,0.1166,0.0101,-0.025,0.002,1.0,0.001,,,,,,,,,,,,,,,,,
420087,15,0.2486,0.01005,0.24848,0.01,0.25,0.01,21.2382,0.214234,40.4912,0.215929,-9.0,0,0,-0.184623,0.043314,0.54441,0.41186,20.7406,0.0685531,9.07295e-05,5.72864e-06,0.00801823,-7.73882e-07,-2.2556e-07,352.767,0.1062,-999,-999,-9.0,-30.5351,250,0.040825,7.0,99.0,56135.2,0.7765,22,21.6293,0.54271,0.0724,0.0975,0.1012,0.006,1.0,0.005,,,,,,,,,,,,,,,,,
120585,15,0.24909,0.00144,0.24899,0.001,0.25,0.001,21.0637,0.165166,40.3167,0.167358,-9.0,0,0,-0.155379,0.028618,0.22308,0.30908,20.6749,0.0397863,9.6395e-05,3.53235e-06,0.0014535,-3.50846e-07,-7.67402e-08,35.7735,-3.6103,-999,-999,23.7559,-25.3474,250,0.0237877,9.363,0.274,55583.6,0.3776,11,13.3185,0.27302,0.0786,0.0139,0.0721,0.003,1.0,0.005,,,,,,,,,,,,,,,,,
390449,15,0.25022,0.01005,0.25008,0.01,0.25,0.01,21.1234,0.216542,40.3764,0.218218,-9.0,0,0,-0.028349,0.026453,-0.085035,0.21539,21.1005,0.0350823,6.51304e-05,2.1045e-06,0.00201033,-2.10327e-07,-4.77618e-08,242.951,54.4558,-999,-999,-9.0,-35.0899,250,0.00571723,7.0,-9.0,56069.9,0.1885,27,23.889,0.63646,0.0583,0.0969,-0.0001,0.002,1.0,0.009,,,,,,,,,,,,,,,,,
550041,15,0.25859,0.01005,0.25847,0.01,0.26,0.01,21.2133,0.207532,40.4663,0.209281,-9.0,0,0,-0.192329,0.042689,0.79943,0.25127,20.6708,0.0660023,9.67581e-05,5.88196e-06,0.00522694,-8.4676e-07,-2.51281e-07,352.54,-0.8664,-999,-999,25.034,-28.5996,250,0.03059,7.4,0.1,56558.9,0.2995,29,26.7352,0.58599,0.0712,0.0941,0.1177,0.006,1.0,0.004,,,,,,,,,,,,,,,,,
2943,1,0.26419,0.00117,0.26405,0.0005,0.2654,0.0005,21.2544,0.236921,40.5074,0.238455,-9.0,0,0,-0.02419,0.047127,0.56901,0.43619,21.1196,0.047653,6.40001e-05,2.80897e-06,-0.000215827,-4.46089e-07,-6.2413e-08,17.7049,1.0079,-9,-9,-9.0,-31.1986,250,0.0294941,7.0,-9.0,53640.5,0.5431,38,32.4629,0.72287,0.1541,0.0107,-0.0285,0.006,1.0,0.003,,,,,,,,,,,,,,,,,
510638,15,0.2702,0.01006,0.27006,0.01,0.27,0.01,21.3833,0.195143,40.6363,0.197002,-9.0,0,0,-0.088706,0.028069,0.21729,0.1437,21.1562,0.0389876,6.1877e-05,2.22194e-06,0.000984576,-1.60624e-07,-5.1861e-08,243.469,56.0842,-999,-999,24.1006,-34.3481,250,0.00665785,8.6546,0.1,56439.7,0.1543,55,59.0273,0.33061,0.0635,0.0905,0.0268,0.001,1.0,0.006,,,,,,,,,,,,,,,,,
1317286,10,0.28207,0.00511,0.28198,0.005,0.283,0.005,21.3456,0.164427,40.5986,0.166629,-9.0,0,0,-0.100205,0.02659,0.72832,0.15847,21.0224,0.031726,6.9989e-05,2.04513e-06,0.000169802,-6.03247e-08,-4.2995e-08,36.0079,-6.8106,-999,-999,-9.0,-19.8077,250,0.0245391,7.0,2.0,57015.4,0.1653,32,21.9847,0.9078,0.0675,0.0442,0.0417,0.002,1.0,0.006,,,,,,,,,,,,,,,,,
350192,15,0.30142,0.01006,0.3015,0.01,0.3,0.01,21.6055,0.189791,40.8585,0.191702,-9.0,0,0,-0.052851,0.026569,0.13433,0.22628,21.4754,0.0338107,4.61145e-05,1.43604e-06,0.0010841,-1.04836e-07,-3.0597e-08,148.716,1.9617,-999,-999,22.9871,18.5041,250,0.021776,8.553,7.88,55952.5,0.2657,42,41.6204,0.4875,0.0676,0.082,0.0008,0.001,1.0,0.006,,,,,,,,,,,,,,,,,
1337838,10,0.31203,0.0012,0.31195,0.0005,0.313,0.0005,21.6973,0.158158,40.9503,0.160446,-9.0,0,0,-0.044098,0.026237,0.99511,0.20136,21.4809,0.0331779,4.58809e-05,1.40203e-06,0.000971737,-9.45146e-08,-2.94581e-08,35.496,-6.4982,-999,-999,0.33,-18.5736,250,0.0231591,8.424,0.4435,57364.7,0.2034,32,28.7509,0.63178,0.0657,0.0095,0.0144,0.002,1.0,0.007,,,,,,,,,,,,,,,,,
430003,15,0.32851,0.00149,0.32843,0.001,0.33,0.001,21.681,0.294415,40.934,0.295651,-9.0,0,0,0.10222,0.047767,1.44162,0.40168,21.835,0.071326,3.31123e-05,2.17527e-06,-0.00121015,-3.77345e-07,-7.42128e-08,333.38,-0.4529,-999,-999,23.6827,-19.7589,250,0.0792523,7.0,1.088,56177.1,0.4832,30,34.323,0.26811,0.143,0.0112,-0.0018,0.009,1.0,0.02,,,,,,,,,,,,,,,,,
6924,1,0.32871,0.00512,0.3286,0.005,0.3302,0.005,21.6746,0.220549,40.9276,0.222195,-9.0,0,0,-0.071776,0.042959,0.96541,0.79343,21.3887,0.0484519,4.99498e-05,2.22905e-06,0.00884579,-1.10028e-06,-4.37094e-08,358.969,0.877,-9,-9,-9.0,-25.5238,250,0.0272777,7.0,-9.0,53674.6,0.6841,47,35.6014,0.88812,0.1647,0.0386,0.026,0.011,0.683,0.0,,,,,,,,,,,,,,,,,
130862,15,0.33298,0.0015,0.3329,0.001,0.332,0.001,22.0769,0.199859,41.3299,0.201675,-9.0,0,0,-0.091964,0.032732,0.67028,0.38179,21.7749,0.0474332,3.49989e-05,1.52902e-06,-0.000675489,-3.31428e-07,-2.64971e-08,184.002,47.9204,-999,-999,23.7901,-16.7148,250,0.0150297,9.5892,0.1,55607.2,0.367,30,34.818,0.24932,0.1207,0.0112,0.0288,0.001,1.0,0.004,,,,,,,,,,,,,,,,,
1346956,10,0.3335,0.00122,0.33353,0.0005,0.334,0.0005,21.7836,0.174041,41.0366,0.176123,-9.0,0,0,-0.073226,0.033508,0.98387,0.37505,21.4855,0.0443374,4.56871e-05,1.86569e-06,0.00504113,-4.23265e-07,-4.46262e-08,54.3435,-28.8264,-999,-999,-9.0,5.7196,250,0.00939579,7.0,2.0,57412.3,0.3001,16,20.1824,0.21212,0.0889,0.0091,0.0211,0.002,1.0,0.006,,,,,,,,,,,,,,,,,
330089,15,0.34881,0.0015,0.34872,0.001,0.3498,0.001,22.1191,0.21674,41.3721,0.218415,-9.0,0,0,0.028298,0.038972,0.68208,0.53575,22.1208,0.0474508,2.54489e-05,1.11221e-06,0.0068904,-2.44367e-07,-3.4545e-08,36.1903,-4.8221,-999,-999,21.5339,-18.1298,250,0.0238416,9.651,0.264,55890.7,0.6436,26,32.2171,0.18604,0.1052,0.0107,-0.0375,0.003,1.0,0.01,,,,,,,,,,,,,,,,,
440185,15,0.34949,0.01006,0.34952,0.01,0.35,0.01,21.8996,0.204053,41.1526,0.205831,-9.0,0,0,-0.069932,0.03701,0.19676,0.4476,21.7006,0.0668985,3.74776e-05,2.30921e-06,0.00514961,-3.31146e-07,-5.2694e-08,54.3495,-28.44,-999,-999,-9.0,5.1868,250,0.0102635,7.0,99.0,56199.7,1.1841,35,30.1756,0.70012,0.1049,0.0718,-0.0062,0.001,1.0,0.004,,,,,,,,,,,,,,,,,
050293,15,0.36017,0.00151,0.36005,0.001,0.36,0.001,21.934,0.189244,41.187,0.191161,-9.0,0,0,-0.023063,0.032841,0.43068,0.40913,21.8188,0.0360418,3.36098e-05,1.1157e-06,0.00216786,-2.38241e-07,-2.32885e-08,244.449,55.3023,-999,-999,23.9995,-26.7242,250,0.00913189,8.555,8.052,55355.7,0.3783,37,42.5393,0.24478,0.1062,0.0105,-0.0327,0.002,1.0,0.006,,,,,,,,,,,,,,,,,
04D1hd,4,0.36799,0.00152,0.36791,0.001,0.369,0.001,22.2169,0.156057,41.4699,0.158375,-9.0,0,0,-0.097547,0.021907,0.78582,0.067924,21.8953,0.0263619,3.13238e-05,7.60548e-07,-0.000130244,-2.62924e-09,-1.28767e-08,36.5368,-4.1096,-999,-999,-9.0,-17.8129,250,0.0238203,8.199,0.0905,53268.3,0.0824,45,61.5832,0.0506484,0.0564,0.0104,0.0436,0.002,1.0,0.008,,,,,,,,,,,,,,,,,
500057,15,0.38061,0.01007,0.38052,0.01,0.38,0.01,22.2084,0.186096,41.4614,0.188044,-9.0,0,0,-0.141546,0.030082,1.06665,0.37249,21.7566,0.0348797,3.55937e-05,1.14346e-06,0.00236254,-2.10227e-07,-2.36387e-08,214.473,53.8417,-999,-999,23.7364,-20.381,250,0.00763861,9.102,8.025,56393.7,0.4052,49,53.2311,0.31468,0.0928,0.0666,0.0908,0.003,1.0,0.002,,,,,,,,,,,,,,,,,
040150,15,0.38185,0.00153,0.38174,0.001,0.381,0.001,22.3085,0.197057,41.5615,0.198898,-9.0,0,0,-0.047299,0.042998,-0.249703,0.5281,22.2007,0.0549233,2.3643e-05,1.19601e-06,0.00981085,-4.526e-07,-3.27428e-08,162.098,57.1482,-999,-999,22.9221,-23.1195,250,0.00652227,8.413,0.738,55337.8,0.3893,16,15.5566,0.48431,0.1228,0.0101,-0.0507,0.002,1.0,0.003,,,,,,,,,,,,,,,,,
360139,15,0.386,0.00153,0.38594,0.001,0.385,0.001,22.2687,0.149698,41.5217,0.152114,-9.0,0,0,-0.035464,0.032072,0.63592,0.29398,22.0603,0.0377986,2.69074e-05,9.36749e-07,0.000619331,-1.21758e-07,-2.30159e-08,185.739,47.5675,-999,-999,21.9203,-14.4648,250,0.011454,11.022,0.286,55972.0,0.3229,51,58.7126,0.21374,0.0935,0.01,-0.0573,0.002,1.0,0.001,,,,,,,,,,,,,,,,,
06D4cq,4,0.40949,0.00154,0.40947,0.001,0.411,0.001,22.4254,0.170063,41.6784,0.172193,-9.0,0,0,-0.04525,0.021758,0.42847,0.094911,22.2952,0.0258727,2.16733e-05,5.16466e-07,-0.00015791,-6.81114e-09,-8.91083e-09,334.231,-17.712,-999,-999,-9.0,-4.6097,250,0.0233001,9.107,0.088,53947.4,0.104,41,63.4928,0.0136734,0.0582,0.0096,0.0205,0.002,1.0,0.01,,,,,,,,,,,,,,,,,
1310338,10,0.4389,0.00514,0.43883,0.005,0.44,0.005,22.2149,0.209461,41.4679,0.211194,-9.0,0,0,0.012551,0.028483,-0.406788,0.31494,22.3242,0.0344267,2.11023e-05,6.69114e-07,0.00104451,-7.59365e-08,-1.31066e-08,35.042,-6.3767,-999,-999,-9.0,-14.1438,250,0.0236053,7.0,2.0,56977.3,0.4231,54,44.4129,0.82079,0.0878,0.03,-0.0419,0.005,1.0,0.011,,,,,,,,,,,,,,,,,
560027,15,0.43891,0.00156,0.43883,0.001,0.44,0.001,22.4152,0.278656,41.6682,0.279961,-9.0,0,0,-0.163924,0.056223,-0.520101,0.64681,22.0907,0.056629,2.6165e-05,1.36469e-06,-0.00351945,-3.00455e-07,-3.11839e-08,35.8506,-3.0839,-999,-999,14.9387,-16.1653,250,0.0222394,11.5,0.1,56569.2,1.1485,37,40.919,0.30245,0.205,0.0091,0.0533,0.005,0.893,0.0,,,,,,,,,,,,,,,,,
1295256,10,0.44245,0.00514,0.44246,0.005,0.443,0.005,22.5993,0.17077,41.8523,0.172891,-9.0,0,0,-0.1027,0.027635,-0.148795,0.34917,22.379,0.0359315,2.00634e-05,6.63981e-07,0.00129968,-1.17263e-07,-1.20528e-08,53.7194,-27.8328,-999,-999,0.81,3.7359,250,0.00791482,8.803,0.3025,56928.2,0.3774,55,57.7129,0.37528,0.0922,0.0298,0.0229,0.002,1.0,0.005,,,,,,,,,,,,,,,,,
040137,15,0.44764,0.00157,0.44756,0.001,0.447,0.001,22.6022,0.222321,41.8552,0.223954,-9.0,0,0,0.023926,0.047726,1.08695,0.53781,22.5333,0.0585134,1.74054e-05,9.38027e-07,-0.000294356,-1.4164e-07,-2.63644e-08,214.46,52.801,-999,-999,23.805,-17.1789,250,0.00927443,8.743,0.953,55326.4,1.1529,45,51.4311,0.2365,0.1575,0.009,-0.0349,0.006,0.949,0.0,,,,,,,,,,,,,,,,,
1320166,10,0.44891,0.00514,0.44896,0.005,0.45,0.005,22.7345,0.213951,41.9875,0.215648,-9.0,0,0,-0.032993,0.038757,0.36335,0.48433,22.6239,0.0483769,1.60112e-05,7.13409e-07,0.00588814,-2.16779e-07,-1.5959e-08,9.3464,-43.8719,-999,-999,-9.0,10.2428,250,0.00709548,7.0,2.0,57021.6,0.4133,27,32.8664,0.20152,0.1212,0.0294,-0.0073,0.002,1.0,0.006,,,,,,,,,,,,,,,,,
120094,15,0.45162,0.00157,0.45169,0.001,0.45,0.001,22.7393,0.152341,41.9923,0.154715,-9.0,0,0,-0.168766,0.034831,1.0436,0.43271,22.2376,0.0393173,2.2854e-05,8.27603e-07,0.00429942,-2.24203e-07,-1.74142e-08,150.526,2.0878,-999,-999,23.9429,13.5622,250,0.0150304,11.5,7.62,55570.8,0.4746,38,35.5052,0.58539,0.1093,0.0089,0.1217,0.007,0.855,0.0,,,,,,,,,,,,,,,,,
1290127,10,0.45218,0.00131,0.45223,0.0005,0.4533,0.0005,22.7429,0.318935,41.9959,0.320076,-9.0,0,0,-0.089959,0.050759,1.29535,0.76479,22.3911,0.10179,1.98402e-05,1.86002e-06,0.00118189,-6.84311e-08,-1.11621e-08,6.6908,-43.434,-999,-999,-9.0,9.914,250,0.00568624,2.0,2.0,56874.5,2.3646,46,53.1489,0.21811,0.2112,0.0075,0.0651,0.003,1.0,0.005,,,,,,,,,,,,,,,,,
1345582,10,0.45885,0.00515,0.45878,0.005,0.46,0.005,22.7149,0.250735,41.9679,0.252185,-9.0,0,0,-0.104345,0.04884,0.83591,1.42695,22.3713,0.0547271,2.0206e-05,1.0185e-06,0.0569828,-1.24336e-06,-4.04616e-08,33.7065,-4.6747,-999,-999,1.07,-14.8792,250,0.0184515,9.914,0.43,57399.1,1.3647,20,9.88755,0.97017,0.1582,0.0289,0.05,0.002,1.0,0.004,,,,,,,,,,,,,,,,,
510597,15,0.46104,0.01007,0.46098,0.01,0.46,0.01,22.7632,0.228663,42.0162,0.230251,-9.0,0,0,-0.095982,0.042002,1.61547,0.56109,22.3935,0.0531418,1.97972e-05,9.68981e-07,0.00118315,-3.65755e-07,-1.96471e-08,185.821,47.8228,-999,-999,22.2655,-12.673,250,0.0113456,9.9066,0.1,56438.7,0.5122,32,38.204,0.20823,0.1593,0.0563,0.113,0.006,0.858,0.0,,,,,,,,,,,,,,,,,
05D4af,4,0.49739,0.0016,0.49737,0.001,0.499,0.001,22.8738,0.224236,42.1268,0.225856,-9.0,0,0,-0.029528,0.030683,0.11363,0.23312,22.8409,0.0284347,1.31109e-05,3.43366e-07,-0.000522266,-1.59326e-08,-6.16125e-09,334.138,-18.0049,-999,-999,-9.0,-3.7348,250,0.0248857,8.986,0.0885,53536.8,0.0249,39,61.552,0.0121238,0.0972,0.0084,0.0228,0.002,1.0,0.015,,,,,,,,,,,,,,,,,
310091,15,0.50725,0.00161,0.50716,0.001,0.509,0.001,22.9828,0.178949,42.2358,0.180974,-9.0,0,0,-0.099527,0.043708,-0.257752,0.46641,22.7285,0.0524183,1.45415e-05,7.02049e-07,0.00327045,-2.17005e-07,-1.25401e-08,353.126,-0.1047,-999,-999,23.1545,-16.844,250,0.030309,9.066,1.297,55821.0,0.5114,61,55.9563,0.65874,0.1501,0.0083,-0.037,0.005,0.686,0.0,,,,,,,,,,,,,,,,,
090201,15,0.50825,0.00161,0.50817,0.001,0.51,0.001,22.7663,0.182324,42.0193,0.184312,-9.0,0,0,-0.090519,0.042428,0.031072,0.50307,22.5059,0.0483735,1.78494e-05,7.95258e-07,0.00157766,-2.4773e-07,-1.38631e-08,353.328,-0.9507,-999,-999,22.9671,-16.3584,250,0.0327741,8.684,7.083,55483.5,0.5805,33,43.8485,0.0981628,0.1537,0.0083,-0.0283,0.004,0.681,0.0,,,,,,,,,,,,,,,,,
180313,15,0.51016,0.00161,0.51006,0.001,0.51,0.001,22.8415,0.141859,42.0945,0.144405,-9.0,0,0,-0.05022,0.03604,0.41004,0.41031,22.6209,0.036252,1.60566e-05,5.36118e-07,0.00198683,-1.20004e-07,-1.01832e-08,244.319,55.3794,-999,-999,24.2008,-20.0876,250,0.00648191,8.8262,0.1,55773.8,0.4419,51,50.1356,0.50794,0.1204,0.0082,-0.0572,0.005,0.656,0.0,,,,,,,,,,,,,,,,,
110484,15,0.51095,0.00161,0.51087,0.001,0.51,0.001,22.8053,0.237556,42.0583,0.239085,-9.0,0,0,0.061935,0.063361,-0.357928,0.56594,22.8038,0.0656248,1.35666e-05,8.19999e-07,-0.00122253,-2.14807e-07,-1.93567e-08,129.186,44.5547,-999,-999,23.7964,-16.2585,250,0.0247529,8.86,1.13,55544.5,0.9918,40,35.7778,0.66073,0.2169,0.0082,-0.2982,0.015,0.558,0.0,,,,,,,,,,,,,,,,,
05D2dy,4,0.51169,0.01008,0.51175,0.01,0.51,0.01,23.1355,0.225672,42.3885,0.227281,-9.0,0,0,-0.132852,0.028757,1.58953,0.28578,22.6287,0.0262443,1.59419e-05,3.85347e-07,-3.37444e-05,-5.10313e-10,-7.08728e-09,150.242,2.1831,-999,-999,-9.0,12.1525,250,0.0137669,7.738,0.8285,53440.7,0.6846,22,50.0276,0.000581446,0.0907,0.0515,0.0861,0.007,1.0,0.008,,,,,,,,,,,,,,,,,
04D4in,4,0.51437,0.00136,0.51435,0.0005,0.516,0.0005,22.9729,0.194295,42.2259,0.196162,-9.0,0,0,-0.076453,0.028275,1.52402,0.14696,22.616,0.0274454,1.61285e-05,4.077e-07,0.00046789,-2.3538e-08,-7.48239e-09,333.786,-17.261,-999,-999,-9.0,-4.0197,250,0.0214466,9.101,0.1015,53278.5,0.1454,37,28.8947,0.82699,0.0812,0.0069,0.052,0.004,1.0,0.011,,,,,,,,,,,,,,,,,
1334470,10,0.51883,0.00516,0.51876,0.005,0.52,0.005,22.9419,0.248961,42.1949,0.250421,-9.0,0,0,-0.001176,0.03839,0.99517,0.57667,22.8363,0.0527323,1.31665e-05,6.39474e-07,0.00166962,-2.29282e-07,-1.23764e-08,35.0537,-4.9472,-999,-999,-9.0,-13.1533,250,0.0185798,7.0,2.0,57334.1,0.679,56,63.6117,0.22621,0.1506,0.026,-0.0075,0.004,1.0,0.006,,,,,,,,,,,,,,,,,
310260,15,0.51885,0.01008,0.51879,0.01,0.52,0.01,22.9294,0.207812,42.1824,0.209558,-9.0,0,0,-0.060652,0.050889,-0.019798,0.54321,22.7142,0.0453579,1.47333e-05,6.155e-07,0.00565312,-1.80268e-07,-9.7423e-09,36.1689,-5.1043,-999,-999,23.1388,-12.9231,250,0.0231623,8.7967,0.1,55828.6,0.756,61,69.7368,0.2073,0.1685,0.0509,-0.0829,0.005,0.642,0.0,,,,,,,,,,,,,,,,,
04D2gc,4,0.52271,0.00162,0.52277,0.001,0.521,0.001,23.0966,0.272593,42.3496,0.273927,-9.0,0,0,0.009597,0.035118,1.1143,0.20565,23.0586,0.0273755,1.07292e-05,2.70523e-07,-0.00015857,-1.90234e-08,-4.10552e-09,150.414,1.8831,-999,-999,-9.0,12.1413,250,0.0159326,9.326,0.2025,53118.1,0.2548,14,15.5766,0.33991,0.1115,0.0081,0.0443,0.004,1.0,0.023,,,,,,,,,,,,,,,,,
1322979,10,0.52937,0.00516,0.52939,0.005,0.53,0.005,23.0383,0.138414,42.2913,0.141023,-9.0,0,0,-0.09353,0.024248,0.062978,0.22362,22.8123,0.0263923,1.34615e-05,3.27226e-07,0.000625193,-2.12961e-08,-5.93643e-09,52.0693,-28.0637,-999,-999,0.33,3.07,250,0.00874836,7.861,0.355,57039.0,0.2362,29,29.9005,0.41898,0.0723,0.0256,0.0201,0.003,1.0,0.003,,,,,,,,,,,,,,,,,
160066,15,0.53111,0.00162,0.53105,0.001,0.53,0.001,23.2579,0.288005,42.5109,0.289268,-9.0,0,0,-0.056896,0.056637,2.34125,1.41714,22.9837,0.0674021,1.14951e-05,7.13611e-07,0.026309,-7.77969e-07,-1.91363e-08,186.588,46.5959,-999,-999,23.7549,-10.5749,250,0.0103267,8.864,7.167,55716.2,1.655,21,12.7608,0.93962,0.2574,0.008,0.1948,0.015,0.607,0.0,,,,,,,,,,,,,,,,,
1317454,10,0.56879,0.00517,0.56883,0.005,0.57,0.005,22.9877,0.260944,42.2407,0.262337,-9.0,0,0,0.046238,0.043719,-0.270974,0.56796,23.099,0.0465839,1.03368e-05,4.43504e-07,0.00259567,-1.2506e-07,-9.80206e-09,8.0244,-42.6662,-999,-999,-9.0,7.7916,250,0.00727989,7.0,2.0,57015.5,0.6466,25,26.7296,0.36953,0.1536,0.0241,-0.124,0.01,1.0,0.007,,,,,,,,,,,,,,,,,
1332059,10,0.57891,0.00517,0.57884,0.005,0.58,0.005,23.2787,0.230108,42.5317,0.231686,-9.0,0,0,-0.171461,0.041299,0.20553,0.48811,22.9102,0.0563532,1.23004e-05,6.38432e-07,0.00194957,-2.15807e-07,-7.43939e-09,40.8651,-1.2774,-999,-999,-9.0,-13.2065,250,0.0286311,7.0,2.0,57324.6,0.5302,59,51.7189,0.73825,0.1596,0.0237,0.1396,0.008,0.938,0.0,,,,,,,,,,,,,,,,,
05D3gp,4,0.58067,0.01009,0.5806,0.01,0.58,0.01,23.32,0.261104,42.573,0.262496,-9.0,0,0,-0.082226,0.043764,-0.501929,0.38712,23.242,0.0468936,9.06169e-06,3.9138e-07,0.00421041,-1.09774e-07,-5.96481e-09,215.676,52.7247,-999,-999,-9.0,-13.9769,250,0.00765369,9.015,0.185,53454.9,0.3563,41,43.2816,0.37418,0.1429,0.0462,0.0498,0.003,1.0,0.01,,,,,,,,,,,,,,,,,
1338387,10,0.5839,0.00517,0.58382,0.005,0.585,0.005,23.1669,0.197532,42.4199,0.199369,-9.0,0,0,-0.072811,0.043382,1.46332,0.50873,22.8694,0.0465013,1.2771e-05,5.46975e-07,0.00497143,-1.52202e-07,-1.20949e-08,40.4513,-0.3686,-999,-999,-9.0,-13.6248,250,0.0248123,7.0,2.0,57364.1,0.7038,33,37.3903,0.27444,0.1405,0.0236,0.0912,0.006,0.933,0.0,,,,,,,,,,,,,,,,,
03D4dy,4,0.60827,0.01009,0.60826,0.01,0.61,0.01,23.3374,0.226786,42.5904,0.228388,-9.0,0,0,-0.10218,0.035213,1.17176,0.18431,22.978,0.0277249,1.15558e-05,2.95083e-07,0.000564202,-2.0109e-08,-3.60719e-09,333.711,-17.9565,-999,-999,-9.0,-3.1413,250,0.0222206,7.0,52.8705,52904.2,0.2672,30,30.0747,0.46183,0.1115,0.0444,0.077,0.003,1.0,0.009,,,,,,,,,,,,,,,,,
1302141,10,0.60876,0.00518,0.6088,0.005,0.61,0.005,23.1752,0.349285,42.4282,0.350327,-9.0,0,0,0.033005,0.063903,0.27286,0.73249,23.1882,0.0707117,9.52152e-06,6.20116e-07,-0.0065608,-2.74575e-07,-1.05684e-08,7.8305,-42.5014,-999,-999,0.37,7.3014,250,0.00540567,9.429,1.76,57279.4,1.1777,75,63.2847,0.83053,0.2542,0.0228,-0.1012,0.008,0.878,0.0,,,,,,,,,,,,,,,,,
1335868,10,0.61941,0.00518,0.61942,0.005,0.62,0.005,23.4418,0.273973,42.6948,0.2753,-9.0,0,0,-0.043508,0.063091,1.51396,0.61272,23.2034,0.0692005,9.38941e-06,5.98444e-07,0.00551452,-2.67865e-07,-1.71493e-08,55.0891,-26.5127,-999,-999,-9.0,2.4006,250,0.0101069,7.0,2.0,57348.0,0.7015,43,41.1465,0.55195,0.2098,0.0225,0.0671,0.008,0.807,0.0,,,,,,,,,,,,,,,,,
000202,15,0.61983,0.00168,0.61988,0.001,0.618,0.001,23.5027,0.15249,42.7557,0.154862,-9.0,0,0,-0.168582,0.041496,0.61215,0.52292,23.0598,0.0360488,1.0717e-05,3.55826e-07,0.00206561,-9.32396e-08,-2.9918e-09,150.539,1.8992,-999,-999,23.4505,10.6183,250,0.0165387,9.943,7.309,55215.3,0.641,53,45.7999,0.748,0.1546,0.0073,0.1163,0.017,0.399,0.0,,,,,,,,,,,,,,,,,
03D4dh,4,0.62525,0.00141,0.62523,0.0004,0.627,0.0004,23.4047,0.213447,42.6577,0.215148,-9.0,0,0,-0.076925,0.034612,1.13855,0.17837,23.1117,0.0266788,1.02173e-05,2.5106e-07,8.34977e-05,-1.28114e-08,-2.55066e-09,334.379,-17.6297,-999,-999,-9.0,-3.3411,250,0.0247232,9.414,0.1625,52906.2,0.2692,30,43.547,0.0523919,0.1127,0.0061,0.0604,0.003,1.0,0.008,,,,,,,,,,,,,,,,,
1337325,10,0.63873,0.00518,0.63866,0.005,0.64,0.005,23.5274,0.26025,42.7804,0.261646,-9.0,0,0,-0.226047,0.068185,0.080251,0.59352,23.155,0.0628838,9.81772e-06,5.68623e-07,0.00842676,-2.03615e-07,-1.82068e-08,35.135,-4.6525,-999,-999,-9.0,-11.2937,250,0.0195396,7.0,2.0,57357.6,0.7239,32,30.5986,0.53746,0.2093,0.0219,0.286,0.019,0.689,0.0,,,,,,,,,,,,,,,,,
1334879,10,0.63934,0.00518,0.63936,0.005,0.64,0.005,23.537,0.16971,42.79,0.171844,-9.0,0,0,0.095583,0.040897,-0.028619,0.26341,23.67,0.0389265,6.10922e-06,2.19032e-07,0.00168626,-2.94201e-08,-6.40899e-09,52.4089,-28.2164,-999,-999,-9.0,2.7727,250,0.00625712,9.666,0.025,57336.5,0.3622,41,37.7769,0.61467,0.115,0.0219,-0.2192,0.017,0.883,0.0,,,,,,,,,,,,,,,,,
05D3ax,4,0.64371,0.0017,0.64363,0.001,0.643,0.001,23.5504,0.315374,42.8034,0.316528,-9.0,0,0,-0.070931,0.063807,0.60257,0.42003,23.3347,0.0458039,8.32006e-06,3.50998e-07,0.0039931,-1.13137e-07,-7.02577e-09,214.823,52.6875,-999,-999,-9.0,-12.8139,250,0.00760838,8.442,0.39,53399.9,0.2961,24,38.5226,0.0306283,0.2029,0.0071,0.0401,0.002,1.0,0.006,,,,,,,,,,,,,,,,,
05D3lb,4,0.6477,0.0017,0.64763,0.001,0.647,0.001,23.566,0.287168,42.819,0.288435,-9.0,0,0,0.024403,0.048672,0.30349,0.18291,23.6204,0.0282332,6.3951e-06,1.66297e-07,9.25324e-05,-8.89407e-09,-3.92045e-09,214.382,53.1679,-999,-999,-9.0,-12.9571,250,0.00924963,8.931,0.23,53528.7,0.262,35,24.9662,0.89545,0.1473,0.0071,-0.0287,0.003,1.0,0.015,,,,,,,,,,,,,,,,,
06D4ba,4,0.69818,0.0101,0.69816,0.01,0.7,0.01,23.7141,0.341743,42.9671,0.342807,-9.0,0,0,-0.093002,0.070675,0.6784,0.41089,23.4527,0.0495926,7.46317e-06,3.40892e-07,0.00215753,-9.55833e-08,-8.30619e-10,333.899,-18.2291,-999,-999,-9.0,-2.72,250,0.022569,8.544,0.424,53904.8,0.5013,35,42.2065,0.18755,0.2382,0.0395,0.0739,0.002,0.947,0.0,,,,,,,,,,,,,,,,,
04D4hu,4,0.70117,0.00174,0.70115,0.001,0.703,0.001,23.8438,0.260185,43.0968,0.261582,-9.0,0,0,-0.107437,0.057733,0.03972,0.23414,23.6426,0.0327382,6.26572e-06,1.8893e-07,0.000501547,-1.82585e-08,-1.49751e-09,333.901,-17.8389,-999,-999,-9.0,-2.8928,250,0.0226109,9.475,0.222,53256.9,0.3772,36,54.0787,0.0269451,0.1857,0.0068,0.0844,0.002,0.924,0.0,,,,,,,,,,,,,,,,,
06D3gh,4,0.72074,0.00175,0.72067,0.001,0.72,0.001,23.7929,0.303977,43.0459,0.305174,-9.0,0,0,-0.074608,0.065646,0.24347,0.3413,23.6292,0.0417313,6.34342e-06,2.43816e-07,0.00288897,-4.36223e-08,9.66705e-10,214.631,52.4429,-999,-999,-9.0,-11.6381,250,0.00767199,9.3,0.2445,53922.8,0.3773,13,15.4984,0.27728,0.2183,0.0067,0.0505,0.002,0.929,0.0,,,,,,,,,,,,,,,,,
1304127,10,0.72866,0.0052,0.72861,0.005,0.73,0.005,23.752,0.282209,43.005,0.283498,-9.0,0,0,-0.24375,0.072541,0.43716,0.75795,23.3515,0.065291,8.19217e-06,4.92638e-07,0.00546208,-2.37242e-07,-3.3324e-09,35.1805,-6.9511,-999,-999,0.58,-9.1909,250,0.0226748,9.315,0.7895,57282.4,0.998,58,62.8337,0.30909,0.265,0.0196,0.3653,0.03,0.517,0.0,,,,,,,,,,,,,,,,,
1329166,10,0.73161,0.00153,0.73163,0.0005,0.7323,0.0005,23.9269,0.194559,43.1799,0.196424,-9.0,0,0,-0.051109,0.053611,0.12272,0.35613,23.751,0.0416583,5.67017e-06,2.17557e-07,0.00190536,-4.42477e-08,-3.929e-09,52.3035,-28.9116,-999,-999,-9.0,2.7973,250,0.00674471,9.996,0.9185,57308.2,0.5108,48,47.102,0.50958,0.1724,0.0058,-0.0521,0.009,0.598,0.0,,,,,,,,,,,,,,,,,
1285160,10,0.7493,0.00521,0.74932,0.005,0.75,0.005,23.9242,0.160977,43.1772,0.163225,-9.0,0,0,-0.170737,0.048164,-0.31553,0.2756,23.6139,0.0358725,6.43345e-06,2.1256e-07,0.00217424,-2.8943e-08,-4.79069e-09,52.3989,-28.6476,-999,-999,0.28,2.6428,250,0.00858419,7.978,0.345,57272.7,0.4259,49,36.2502,0.91172,0.1459,0.0192,0.1187,0.015,0.514,0.0,,,,,,,,,,,,,,,,,
05D3mn,4,0.76076,0.00178,0.76069,0.001,0.76,0.001,23.8137,0.199341,43.0667,0.201161,-9.0,0,0,-0.040765,0.050729,-0.223091,0.2914,23.741,0.0280056,5.72247e-06,1.47606e-07,0.00165853,-1.16731e-08,-5.22911e-10,214.689,52.3231,-999,-999,-9.0,-11.1181,250,0.00760206,10.432,0.1145,53559.3,0.3314,18,21.0973,0.27453,0.1659,0.0065,-0.0319,0.003,0.669,0.0,,,,,,,,,,,,,,,,,
04D4id,4,0.76709,0.00178,0.76707,0.001,0.769,0.001,24.3057,0.255729,43.5587,0.25715,-9.0,0,0,-0.170684,0.060712,0.66935,0.4435,23.9164,0.045008,4.86901e-06,2.0184e-07,0.00134158,-3.57408e-08,3.02496e-09,334.089,-17.229,-999,-999,-9.0,-2.9948,250,0.0254188,10.324,0.196,53261.7,0.7092,34,30.5701,0.63651,0.2205,0.0064,0.1848,0.008,0.611,0.0,,,,,,,,,,,,,,,,,
04D1ks,4,0.79662,0.01011,0.79656,0.01,0.798,0.01,23.6496,0.371115,42.9026,0.372096,-9.0,0,0,0.1049,0.060182,0.68862,0.26157,23.8463,0.0365345,5.19375e-06,1.74767e-07,0.00116796,-1.7297e-08,1.59219e-09,36.0396,-4.9787,-999,-999,-9.0,-9.3244,250,0.0245665,7.966,0.719,53291.4,0.3859,44,41.0378,0.59932,0.2036,0.0354,-0.0785,0.012,1.0,0.009,,,,,,,,,,,,,,,,,
Spock,100,0.83981,0.00161,0.83973,0.0005,0.839,0.0005,23.9482,0.389488,43.2012,0.390423,-9.0,0,0,-0.030019,0.072202,0.25173,0.38187,23.8921,0.0950377,4.97943e-06,4.35864e-07,0.000566147,-5.75643e-08,-8.78029e-10,189.277,62.2533,-999,-999,-9.0,-13.4829,250,0.0104992,8.78,0.05,53401.3,0.5596,13,14.3493,0.34971,0.2573,0.0054,0.0214,0.004,1.0,0.008,,,,,,,,,,,,,,,,,
SCP06U4,101,1.04817,0.00178,1.04819,0.0005,1.05,0.0005,25.1699,0.488011,44.4229,0.488758,-9.0,0,0,-0.194965,0.10051,-0.530542,1.41172,24.8039,0.0806547,2.15e-06,1.59715e-07,0.00525534,-3.53977e-08,2.00329e-09,356.373,-36.546,-999,-999,-9.0,2.9791,250,0.0117163,10.0,-9.0,53939.2,0.1929,5,4.07764,0.53829,0.3956,0.005,0.1062,0.005,0.75,0.0,,,,,,,,,,,,,,,,,
washington,106,1.3291,0.02009,1.32911,0.02,1.33001,0.02,25.6215,0.23681,44.8745,0.238344,-9.0,0,0,-0.095731,0.043542,0.9656,0.77533,25.3298,0.0793103,1.32456e-06,9.6756e-08,0.00277679,8.61867e-09,-2.49637e-09,53.0869,-27.8282,-999,-999,-9.0,1.5904,250,0.00677937,10.0,99.0,55616.9,3.2842,9,20.7547,0.0228705,0.1599,0.0459,0.0944,0.003,0.949,0.0,,,,,,,,,,,,,,,,,
stone,106,1.80119,0.02014,1.80111,0.02,1.8,0.02,26.2335,0.280685,45.4865,0.281981,-9.0,0,0,-0.024483,0.086306,-0.544536,0.70361,26.1937,0.0803361,5.97745e-07,4.42286e-08,0.0188575,-1.81493e-08,-3.07968e-09,189.32,62.2782,-999,-999,-9.0,-8.1955,250,0.0105063,10.0,0.31,56481.9,1.1631,11,11.6932,0.38714,0.237,0.0358,-0.0968,0.004,0.641,0.0,,,,,,,,,,,,,,,,,
colfax,106,2.26137,0.02018,2.2613,0.02,2.26,0.02,26.9298,0.280011,46.1828,0.281309,-9.0,0,0,0.11885,0.13129,0.03023,1.18197,26.8097,0.0710096,3.38944e-07,2.21677e-08,0.0198827,7.2282e-10,7.74953e-11,189.157,62.3092,-999,-999,-9.0,-7.2661,250,0.0106225,10.0,-9.0,56078.3,5.6828,13,10.1932,0.67807,0.4455,0.0297,-0.5356,0.009,0.164,0.0,,,,,,,,,,,,,,,,,
