CID,zHD,mu_noMass,mu_model,residual,yhat,blast_local_log_mass_50,blast_local_log_sfr_50,blast_local_log_ssfr_50,blast_local_log_age_50,blast_host_redshift,blast_host_EBV_MW
2001az,0.04101,36.42803,36.29003591074023,0.1379940892597702,0.13508543,9.546044832721655,-0.9286544586621368,-10.538910042942913,7.554069219422769,0.040688,0.0435986244678497
2002bf,0.02525,35.09283,35.2116314019799,-0.1188014019799013,-0.11840358,9.997040422181335,-0.9256217784364048,-10.907365834550909,7.957052001275077,0.02437596,0.0096248801238834
2003U,0.02833,35.35433,35.46654025054795,-0.1122102505479532,-0.10877809,8.70800939253809,-1.6922034636400909,-10.4172467302171,6.88678440766132,0.02829885,0.0255814508348703
2003ch,0.02919,35.71422999999999,35.532865176123465,0.1813648238765282,0.17982955,9.096351761817438,-1.1635819381525978,-10.29847556639882,7.865942874554253,0.02862,0.0604463301599025
2003ic,0.05126,36.539429999999996,36.7906023639272,-0.25117236392720343,-0.24919052,9.538658326589111,-0.6176036049054408,-10.123061498887054,7.334700294850599,0.050018,
2003it,0.0251,35.103429999999996,35.19844985013434,-0.09501985013434222,-0.09472318,9.0153032310526,-1.1965117715276965,-10.220686497684472,7.870994643631477,0.02506045,0.0606136491894722
2004L,0.03373,35.88343,35.85407138039561,0.02935861960438757,0.028426772,9.81635800153375,-0.4263746993309915,-10.256883471323258,7.669748426157838,0.0322931,0.0273601085692644
2004as,0.03296,35.95767,35.80269183675569,0.15497816324430858,0.15420897,8.366211928629703,-1.8213101236316696,-10.194313078128925,6.580212329321922,0.022082,0.0133145729266107
2004ef,0.03012,35.56043,35.602467823386256,-0.042037823386259277,-0.039375253,9.222703316866134,-1.142086258466557,-10.36921739121696,7.884289152714538,0.030988,0.0473636998981237
2004gc,0.03267,35.48603,35.78303643692037,-0.29700643692036977,-0.29523164,9.726715764319994,-0.2510832578237907,-9.940622676761343,6.185361245368544,0.03192,0.1772292780876159
2004gs,0.02857,35.53912999999999,35.485245915233435,0.05388408476655826,0.05387804,8.888744565198301,-1.2569525427841377,-10.163051259125748,7.764420288593856,0.02739902,0.0265469424426555
2004gu,0.04664,36.551429999999996,36.578264875584615,-0.026834875584619056,-0.02774231,9.612627967173148,-1.3767437950395218,-11.055652970117608,8.402678675950737,0.04558673,0.0228091116994619
2005M,0.02598,35.19407,35.27470326332633,-0.0806332633263267,-0.080475815,8.275159506656662,-1.248474003619768,-9.512876479584264,6.951252218104133,0.02474,0.0270048511773347
2005eq,0.02823,35.62432999999999,35.458700338838305,0.1656296611616881,0.16487335,8.577513366676838,-1.0847492389786113,-9.685172831237937,6.5644778556187315,0.02890654,0.0640311722457408
2005eu,0.03516,36.02807000000001,35.94652177641559,0.08154822358442004,0.08206826,9.37053583925836,-0.8876090623622851,-10.292606111105428,6.8170851797181395,0.034591,0.1130748319625854
2005hc,0.04575,36.68973,36.535027910778815,0.1547020892211819,0.154351,8.999850532379764,-1.3399713507490332,-10.340631404024547,6.9280894399392245,0.04593413,0.0280949494242668
2005hj,0.05708,37.12487,37.03317762123232,0.09169237876768221,0.09118355,9.056511957428988,-0.9314242339363126,-9.998162311984748,6.502667608848285,0.05741858,0.0333165583759546
2005iq,0.03341,36.00273,35.8328594508566,0.16987054914339694,0.16863237,8.382589204033259,-1.3516877005873302,-9.69277503940183,5.579814337828195,0.034044,0.0189370710775256
2005ir,0.0752,37.76763,37.65953793963725,0.10809206036275043,0.10628807,9.639965428243716,-1.1073646624048006,-10.75263730100876,7.058507192444317,0.07632896,0.0263203188031911
2005ku,0.04439,36.43357,36.46735571138851,-0.033785711388503614,-0.032372743,9.76615912790394,-0.0537111074347558,-9.832625902968951,6.755427791150488,0.04541563,0.0462510664761066
2005lz,0.04643,36.43353,36.56813547025901,-0.13460547025901093,-0.13559581,8.644003492478069,-1.4613116551646643,-10.116384623459822,7.087023035219344,0.044341,0.0772107768058776
2005na,0.02748,35.245129999999996,35.39901811376793,-0.153888113767934,-0.15279672,9.86978917538331,-0.1934459950242469,-10.08171294613793,7.122202994266574,0.026322,0.0668464224040508
2006al,0.06886,37.56843,37.458676866498706,0.10975313350129312,0.10986627,8.902131413041099,-1.6096332445056465,-10.521523250359277,7.232953967091976,0.06780233,0.0220608679577708
2006cq,0.04944,36.83043,36.70925642750099,0.12117357249901062,0.11889125,8.92392004256513,-0.9566724895774724,-9.90727706087342,6.157081534623922,0.04840884,0.0129662796854972
2006en,0.03162,35.79833,35.710414618483945,0.08791538151605494,0.08790891,9.846545465843167,0.0997963182092457,-9.8350766638127,7.093104377641637,0.03200333,0.055301172286272
2006ev,0.0281,35.741629999999994,35.44846765355679,0.2931623464432036,0.2927462,9.154449810608924,-1.1274006987799918,-10.307139302868562,7.4466534543207965,0.028733,0.077718795388937
2006gr,0.03428,36.06093,35.89007421651671,0.17085578348329022,0.16935736,8.003830720464878,-1.472584586489872,-9.460664339930233,5.831541302398895,0.03466766,0.0733363862335682
2006lu,0.05346,36.949329999999996,36.88528344463787,0.06404655536212545,0.064247735,8.93616605672761,-0.8306661107842807,-9.812482800591209,5.950606882419272,0.054458,0.0992918652296066
2006mo,0.03702,36.07033,36.06142809528297,0.00890190471702823,0.008186779,9.73431131871598,-1.016111102056226,-10.715618537739322,7.438780740347047,0.037186,0.0383439464122057
2006ob,0.05824,37.051829999999995,37.078659035273596,-0.026829035273600255,-0.024778621,9.629245239618031,-1.1742243997941573,-10.840871099243124,8.326236858821233,0.05916367,0.0284391474723815
2006py,0.05653,36.96097,37.01130088150231,-0.05033088150230469,-0.04743895,,,,,,
2006te,0.0329,35.83483,35.798639108809766,0.036190891190230445,0.032591287,9.274198715920605,-0.8135131476361002,-10.143526991066278,7.192569669452835,0.03154785,0.0388685764372348
2007O,0.03818,35.99583,36.13027294967569,-0.13444294967569448,-0.13346541,9.350723059083297,-0.283381195178756,-9.65541440272102,5.999032902490619,0.03615817,0.0198769887536764
2007ae,0.06533,37.13713,37.33901811321846,-0.2018881132184589,-0.2000036,8.654466492013409,-1.4059106859542507,-10.060876988717176,6.590670549778219,,0.0387991704046726
2007bd,0.0312,35.682129999999994,35.6807033475984,0.0014266524015909,0.0017866121,9.374981457184044,-0.6291882912244512,-9.992559276861494,6.805209992604617,0.03044,0.0292282854765653
2007co,0.02731,35.415229999999994,35.38526818651597,0.029961813484021604,0.030305048,8.593753402787673,-1.0276876663227446,-9.625638565527757,6.311370496544326,0.026962,0.0968339549005031
2007cq,0.0251,34.974070000000005,35.19844985013434,-0.22437985013433348,-0.22256808,8.872395524924055,-0.9450784739097368,-9.822677222257138,5.816135324486822,0.02604,0.0933879825472831
2007hu,0.03551,35.92283,35.96859002383677,-0.04576002383677036,-0.0417182,9.836771861789456,-0.4608824686935668,-10.30354944311629,7.5805169342659955,0.0351836,0.0393720200657844
2007is,0.02866,35.546429999999994,35.49222085937022,0.05420914062977289,0.05216244,9.669455920661248,-0.7499032725466467,-10.428038110276868,7.597906937188226,0.02952883,0.0174986435472965
2007jg,0.03756,36.31577,36.09373428199384,0.22203571800616118,0.22074811,7.708835164516792,-1.1422065711693796,-8.79271161019265,4.21294909012637,0.03706903,0.0911640740931034
2007kk,0.04285,36.26063,36.38825301948184,-0.12762301948183818,-0.12664703,9.03453359774025,-1.106829315103066,-10.17079127630009,6.761189490917742,0.041045,0.1963855481147766
2007nq,0.04349,36.33983,36.42145691278133,-0.08162691278133138,-0.08175024,8.651739285058525,-0.976965379791254,-9.670493488777312,6.868421940612082,0.045031,0.0304687260836362
2007ob,0.03243,35.70413,35.76664048428875,-0.06251048428875094,-0.06227205,10.156208095229095,-1.7622029024758663,-11.942645899652604,7.787553571353961,0.03389082,0.0583528335392475
2007ux,0.03264,35.757929999999995,35.78099339437065,-0.02306339437065219,-0.020398203,9.115597162639526,-0.8734972424609846,-9.980972906291456,7.430821508795411,0.03069888,0.0386266709119081
2008ar,0.02849,35.44833,35.47902786282082,-0.030697862820822763,-0.028610231,9.360361127535167,-0.7678247721446982,-10.133275437943167,7.964256985112012,0.0261725,0.0317208027094602
2008bz,0.06099,37.320829999999994,37.18308738281259,0.13774261718740632,0.13748984,8.388392384804511,-1.3308111448898703,-9.758895840991851,6.045681125700259,0.06014841,0.0230001625046134
2008cf,0.04682,36.61437,36.58691208931936,0.02745791068063852,0.028398668,8.603100729818271,-0.7874888146894967,-9.426766002274691,6.015031206452271,,0.0575792305171489
2008fr,0.03828,36.268370000000004,36.136112079512,0.13225792048800145,0.13308822,8.282134361721845,-1.229477252652743,-9.486424501107148,5.120336380209439,0.040658,0.0386746278405189
2008gb,0.03796,36.22273,36.117374236554554,0.10535576344544495,0.10391947,9.077383263292935,-0.7275533765921226,-9.82390550484748,6.333819998311863,0.036974,0.1706652307510376
2008gl,0.03272,35.774829999999994,35.786437435830045,-0.01160743583005086,-0.012747567,8.818425715848292,-1.4437609387084005,-10.32940271631421,7.112082614348223,,0.0243596688657999
2008gp,0.03333,35.762629999999994,35.82752545314953,-0.06489545314953915,-0.06448266,8.947278973619323,-1.5060497240970288,-10.452065186715206,7.136398969549672,0.033026,0.1034689845144748
2008hj,0.03682,36.097829999999995,36.04934612764641,0.048483872353585866,0.048931997,7.6309720702882355,-1.4276710958729002,-9.041831570714814,4.592907577253434,0.0379,0.0308100759983062
2009ad,0.02844,35.45733,35.475132883811995,-0.017802883811995684,-0.016706377,9.50851015865131,-0.8547793186120589,-10.404538529066256,7.524582852657883,0.0284,0.0960098159313201
2009bv,0.03848,36.297929999999994,36.147745890591,0.15018410940899685,0.14732419,,,,,,
2009do,0.04099,36.17653,36.28894496285335,-0.11241496285335018,-0.11004552,9.430416826695163,-1.1908055327132905,-10.66254016418434,8.46629983482962,0.03979906,0.0127338820882141
2010ag,0.03335,35.63283,35.828860124466324,-0.19603012446632562,-0.19540444,,,,,0.033739,0.0264729326218366
2010dw,0.03902,36.146829999999994,36.178865414310614,-0.03203541431062007,-0.029117197,8.54084667907142,-1.278500767247241,-9.834200141770422,6.62571052506416,0.03812,0.0801591427624225
2016afk,0.04738,36.655570000000004,36.61360991051019,0.04196008948981245,0.040071275,9.48394570881611,-0.0872579136041085,-9.58735443800462,5.866806409367003,0.0456054,0.0498308017849922
ASASSN-15bc,0.03753,36.17033,36.0919514071124,0.07837859288760285,0.076495945,9.345454168592177,-1.0037049522020045,-10.361877618772692,7.792067938734446,0.036715,0.037460381090641
ASASSN-15fa,0.02741,35.56993,35.393366510618094,0.17656348938190547,0.17291218,9.09248543582483,-0.879492440869836,-9.983349108580162,6.9669750275366935,0.02731495,0.0235959109663963
ASASSN-15hg,0.03143,35.75783,35.69702192904886,0.060808070951139825,0.06137659,9.1673129028024,-1.336006326578741,-10.527045228957972,8.118406066991714,0.0299174,0.0418931628018617
ASASSN-15jl,0.03512,36.01357,35.94398605180035,0.06958394819965008,0.069849364,9.02961087962444,-1.2888775510406782,-10.31314057256126,7.121776362797168,0.03468222,0.013755315169692
ASASSN-15lu,0.03635,36.13897,36.02069969877323,0.11827030122677229,0.11652298,9.958727888445384,0.0121809517507121,-9.911513625020117,7.273884341957818,0.03505439,0.0138130419328808
ASASSN-15mf,0.02695,35.309729999999995,35.35587140809834,-0.046141408098343106,-0.04702209,9.979552519836286,-0.2561098332038409,-10.251247970012514,7.740170658577089,0.026039,
ASASSN-15mg,0.04408,36.517129999999995,36.451648975201294,0.0654810247987001,0.063484244,9.765839786170858,-0.9086117049550362,-10.646701142273397,8.443164489972869,0.04277766,0.0278687646985054
ASASSN-15np,0.03884,36.15042999999999,36.168539098359744,-0.018109098359751385,-0.017369771,9.880015745827372,-0.2697511954086468,-10.154024967816907,7.459758546822968,0.03766844,0.0264255699887871
ASASSN-15nq,0.03023,35.697829999999996,35.61056080353358,0.08726919646641562,0.084640875,9.34723197390964,-1.2051698193869465,-10.565072119181703,8.649454083634874,0.03036021,0.0398552832752466
ASASSN-15pm,0.04837,36.68982999999999,36.66006830352002,0.029761696479972954,0.031202674,8.172995847209073,-1.4052042305658867,-9.564986045745362,5.840825817644683,0.048784,0.0275847202539443
ASASSN-15pn,0.03909,36.44567000000001,36.18286868083744,0.26280131916256977,0.26211587,9.225261322966682,-0.3732421056227573,-9.586136571251718,6.222862111689323,0.03835748,0.0810639841854572
ASASSN-15pr,0.03264,36.065670000000004,35.78099339437065,0.2846766056293575,0.2804481,9.210301367259897,-1.1065823707544409,-10.31022789139915,7.460422543865576,0.033093,0.0294067567586898
ASASSN-15ss,0.03599,36.142129999999995,35.99851235957931,0.14361764042068614,0.14029562,8.604110893959895,-1.3221971873978529,-9.951779977645982,6.512470526370862,,
ASASSN-15tg,0.03529,35.979729999999996,35.95474347900523,0.024986520994765726,0.024691083,10.282828535576066,-0.6619895588873141,-10.922438877990196,11.306644346381482,0.035615,0.0247268329933285
ASASSN-16aj,0.02953,35.51513,35.558559931997635,-0.04342993199763612,-0.044524413,9.450376614270397,-0.9259746048100196,-10.389154997243288,7.907100041759845,0.030745,0.0281700485199689
ASASSN-16ay,0.02938,35.63093,35.54725992505858,0.08367007494141632,0.081970565,9.025470115397122,-1.733915521560197,-10.778679042383764,7.753636219749176,0.028343,0.0592346207797527
ASASSN-16bc,0.03298,35.820829999999994,35.80404114382565,0.01678885617434389,0.016752487,8.739444138056081,-1.2717656297335105,-10.033557354463538,7.095412902518674,0.031939,0.0476677101105451
ASASSN-16bq,0.02534,35.30063,35.21950346499729,0.08112653500270994,0.08026666,10.012008585611248,-0.0076149541764109,-10.041818627930834,6.354490194820187,0.02493512,0.0330005949735641
ASASSN-16br,0.02956,35.61457,35.56081318530755,0.05375681469244853,0.0528955,9.137288640973434,-0.4960738451140565,-9.654967443884525,5.764007154649985,0.02852,0.1379199746251106
ASASSN-16ct,0.04306,36.318270000000005,36.39920084901728,-0.0809308490172711,-0.07660128,9.211838787804728,-1.0811507881639295,-10.305180021397677,7.108430064959132,0.04191041,0.0456260277330875
ASASSN-16db,0.0373,35.98083,36.07823636929534,-0.09740636929534219,-0.0939362,8.840661581505383,-1.2266615317347636,-10.05529716226718,7.028505805945857,0.03486365,0.0225701520219445
ASASSN-16dw,0.03437,35.84392999999999,35.8959118216179,-0.05198182161790754,-0.05142891,9.382895636325385,-0.9791739211273076,-10.368535008128788,7.639056151607426,0.034657,0.0456062317639589
ASASSN-16fo,0.03036,35.61183,35.620088145704344,-0.00825814570434602,-0.0082701305,9.990154150324305,-0.4870968910003536,-10.463966783284786,7.564365267497756,0.02961,0.0268376122415065
ASASSN-16fs,0.02944,35.43423,35.551786694224724,-0.11755669422472437,-0.11500097,10.32072601008274,-0.9606510312645344,-11.344573336682476,7.617918085156416,0.02920517,0.0278771072626113
ASASSN-16hc,0.05151,36.798429999999996,36.80155734871135,-0.00312734871135234,-0.003177882,9.268817597499044,-1.044240306777939,-10.367710819583658,8.20032106006288,0.05093442,0.0124748076684772
ASASSN-16hr,0.03083,35.691770000000005,35.654203092046494,0.037566907953511475,0.036588315,9.43890974783098,-0.2107784237463814,-9.661015255790112,6.730381956924697,,0.1052336034178733
ASASSN-16oz,0.03192,35.631870000000006,35.731401531408565,-0.09953153140855875,-0.09701093,8.378986936983967,-1.3026942364371517,-9.702403235223713,5.9710864272660835,,
ASASSN-17at,0.02713,35.335429999999995,35.37061763026687,-0.03518763026687566,-0.034581214,9.743660274601654,-0.3955817548382948,-10.148647004224914,7.44874541926651,0.02537012,0.0236740776523947
ASASSN-17eb,0.05044,36.57252999999999,36.75430375109812,-0.18177375109812743,-0.17949763,8.638050745795788,-1.540249469813208,-10.163144550332865,7.237699363886307,0.04923933,0.035467020869255
AT2016aj,0.06725,37.36532999999999,37.40484966474232,-0.03951966474232904,-0.038209658,9.483348481426974,-0.901825563353029,-10.413645827180058,6.840327615091965,0.084476,0.0413312571495771
AT2016cor,0.05066,36.79507,36.764098119070155,0.030971880929847373,0.031310406,8.901327839415629,-1.1074678804846922,-10.006451682425975,6.884140367545117,0.04954304,0.0266415924206376
AT2016cvv,0.04438,36.554429999999996,36.466850706906335,0.08757929309366119,0.08824056,9.128617618603425,-1.4759021699000978,-10.61312850051804,7.630028209478205,0.044571,0.0882849283516407
AT2016cvw,0.03787,36.26403,36.112076483603175,0.15195351639682286,0.14807124,9.372150273545037,-0.7047789197103409,-10.071818824896832,7.391350416031411,0.038877,0.0681363545358181
AT2016cyt,0.03059,35.462129999999995,35.6368467945111,-0.1747167945111059,-0.17299208,9.663419754225202,-1.0557908739458732,-10.74263568839794,7.812606927186588,0.030374,0.0716386167705059
AT2016gmg,0.04865,36.789629999999995,36.673040985443706,0.11658901455628978,0.11649893,8.352554065214036,-1.3285965972453169,-9.69690666487136,6.494815971421277,0.049437,0.1173963442444801
AT2016gsu,0.07575,37.640629999999994,37.6761912317911,-0.03556123179110671,-0.035581905,9.629827416075583,-0.0860883970232387,-9.726407015240335,6.289569790440064,,0.0412924180924892
AT2016hns,0.0374,36.088629999999995,36.08420952971212,0.004420470287875844,0.0075419405,9.147818580471869,-0.9009488527749026,-10.042652976330643,7.451826572035679,0.037,0.0626489016413688
AT2016htm,0.04289,36.44623,36.39034233354079,0.05588766645921339,0.055121206,7.742436956085713,-1.554655880483963,-9.298557751119622,5.730535719839274,0.043313,0.014649076424539
AT2016htn,0.05222,36.96013,36.83239146270164,0.12773853729835594,0.12397388,8.483762497748838,-1.267337291770575,-9.802792030526843,6.117680992351,0.053117,0.0232028349116444
AT2017cfc,0.02512,35.10653,35.200211854071114,-0.0936818540711144,-0.09286405,9.25340892318986,-0.925040318057224,-10.171495056456322,7.474070233176592,0.0,0.0402603557705879
AT2017lm,0.03031,35.68007,35.616428518455486,0.06364148154451499,0.06330819,9.143970673465644,-1.284216599900989,-10.424122294930577,6.720413341243119,0.047066,0.0586223201453685
AT2017ns,0.02849,35.40063,35.47902786282082,-0.07839786282082173,-0.07965018,9.79202046846044,-0.108130647524199,-9.920257301631771,6.214648567634638,0.024607,0.0936490625143051
AT2017oz,0.05614,37.012370000000004,36.995663550655685,0.016706449344319196,0.015566622,9.7654497349363,-0.3867314320352917,-10.17433155987186,8.217412796397822,0.05568857,0.010836517419666
AT2017wb,0.03117,35.684470000000005,35.67856616498656,0.005903835013441494,0.0067909206,9.17727787456236,-0.9072515689305328,-10.092557975564551,7.3288082582476255,0.017666,0.0212449610233306
AT2017yk,0.04691,36.676629999999996,36.591223617431105,0.0854063825688911,0.08335611,8.673496582929268,-1.3276951925597311,-10.046544351406292,7.340882765398919,0.046439,0.0295041507482528
AT2017zd,0.02969,35.432170000000006,35.57055147145721,-0.13838147145720114,-0.13908818,9.99175673783895,-1.072220375556856,-11.145923367111074,8.163772469042478,0.02947,0.0727531243860721
ATLAS16agv,0.04819,36.62187,36.65169025678253,-0.02982025678252853,-0.029086389,6.8318039035541425,-1.243789579020072,-7.962798427908813,0.0299863985882881,,0.0210821112245321
ATLAS16bwu,0.07091,37.33697,37.52549510307751,-0.18852510307750947,-0.18942697,,,,,,0.0186873612180352
ATLAS17ajs,0.03451,36.03307,35.904962936446545,0.12810706355345758,0.12861675,8.472016040942322,-1.836368791878033,-10.322427936658269,7.128368422345821,0.03265469,0.0154465698078274
ATLAS17axb,0.03143,35.76897,35.69702192904886,0.07194807095114442,0.07233888,9.34284290709838,-1.2007192756583804,-10.565284991625678,7.880353602343746,,0.0940343710780143
CSS160428,0.03148,35.82227,35.70055398390329,0.12171601609671256,0.121728085,7.993604199002572,-1.9295498883269675,-9.998624798398868,6.728235897046429,,0.0095295613631606
Gaia16acv,0.07859,37.984970000000004,37.76038638252914,0.22458361747086286,0.22400796,8.878065581397875,-1.3096475640516032,-10.185127511509783,6.084090874696599,,0.010288244523108
Gaia16agf,0.02509,35.34297,35.19756833093802,0.14540166906198237,0.1452204,,,,,,0.0570537386834621
Gaia16aki,0.07393,37.716370000000005,37.62063482303916,0.09573517696084366,0.097321846,8.839066086047133,-0.9426864123771828,-9.76745872542618,5.2222691173871905,0.07363164,0.0367946547269821
Gaia16bba,0.0299,35.56017000000001,35.58619467821242,-0.02602467821241561,-0.025733218,8.33921404187194,-1.0917304921796471,-9.428089541810008,7.2009837151431775,,0.0400090952962636
MASTERJ0134,0.04369,36.43357,36.431735838684986,0.0018341613150170133,0.00094317034,8.12287035285254,-1.2386051261970894,-9.307541297889603,5.44896040757577,,0.0175950908288359
PS15ahs,0.02534,35.329170000000005,35.21950346499729,0.10966653500271661,0.10920555,8.575645003175598,-0.8295233713499189,-9.374108362158008,5.373005835346174,0.028329,0.0309918407350778
PS15aii,0.04777,36.71523,36.63202298249204,0.08320701750795934,0.081539854,8.778664610205759,-1.1208966957698014,-10.003454918436146,5.183139529792969,0.04654896,0.0224027641117572
PS15atx,0.07252,37.75573,37.5766873667412,0.17904263325880265,0.17818771,9.998275578452702,-0.9909149055332542,-10.96774778637264,8.3750840424112,0.051987,0.1058581872284412
PS15bdr,0.07116,37.522029999999994,37.53351673530604,-0.011486735306043272,-0.010590534,8.691819466815218,-1.2791042971938835,-10.000663610651488,7.096145021666692,0.07095917,0.0137431729584932
PS15bif,0.07845,37.68247,37.75630449788574,-0.07383449788574126,-0.07289419,9.385042287646796,-1.629526982765662,-11.006813100779844,7.671436790697752,,0.0608986547589302
PS15bjg,0.06786,37.50463,37.42538777203736,0.07924222796263791,0.076604344,9.16780482112691,-0.8738833821277346,-10.058809842830248,6.634725991396476,0.06886108,0.0792061874270439
PS15bsq,0.03371,35.939629999999994,35.85275140644873,0.08687859355126193,0.08851451,7.824528974272733,-1.3724989946633164,-9.185742656657894,6.189179872981313,0.03430422,0.0294058949500322
PS15bzz,0.07931,37.62943,37.78126995240911,-0.1518399524091123,-0.14958397,8.186394877207546,-1.079236158174453,-9.259246507060483,4.830549834282738,,0.0172425790503621
PS15cms,0.06627,37.355129999999996,37.371476829041384,-0.016346829041388844,-0.0150444945,9.16346029548639,-1.0059739612499017,-10.13329209768625,5.844987309551397,0.06482466,0.0224404738470911
PS15cze,0.04035,36.371129999999994,36.2537584030877,0.11737159691229238,0.11724308,9.531454835959485,-1.0504587334978357,-10.59924636174696,7.821079733544602,0.0393708,0.1855911543965339
PS15mt,0.07193,37.750870000000006,37.55805492149713,0.19281507850287483,0.19288088,8.522933508077257,-1.4125680660174758,-9.953634447794734,3.940769674747663,,0.0211737368628382
PS16aer,0.05693,37.12923,37.02723146377076,0.10199853622923882,0.10072927,9.130722908315756,-1.4174135676410111,-10.572109280771723,7.2873677833967,0.055466,0.0201381600275635
PS16axi,0.04089,36.23862999999999,36.28348244506787,-0.04485244506787467,-0.046175856,8.443612433700352,-1.6893866047583566,-10.16690163972819,6.937119575550402,0.03935543,0.0338583028316497
PS16bby,0.05468,36.864329999999995,36.936178221818935,-0.07184822181893935,-0.07049168,7.28244200479988,-1.0651435650208674,-8.216763989909008,2.709102651738432,0.053427,0.0991597041487693
PS16bnz,0.06446,37.17947,37.30857446601719,-0.12910446601718917,-0.12966435,8.383453178463533,-1.2192535920006689,-9.637784274798038,6.331377931329561,,
PS16cvc,0.02915,35.859770000000005,35.52982300864549,0.3299469913545181,0.32838488,8.198300597459596,-1.2166554498837574,-9.407753183407475,4.686786722909997,,0.0823251466453075
PS16dnp,0.05023,37.00367000000001,36.74491594874571,0.25875405125430007,0.258153,8.217360179924945,-0.3274443350148624,-8.500519557771996,1.2423013433767065,,
PS16el,0.0494,36.66323,36.70743624484449,-0.04420624484448865,-0.04423258,9.429342482834288,-0.6476696072045022,-10.094624883015758,6.97631524511262,0.04780557,0.0333972480148077
PS16evk,0.05262,37.062129999999996,36.849584801952616,0.2125451980473798,0.21200818,8.176159266162417,-1.3087643025205042,-9.48456894585408,5.507272861490366,0.05447963,0.0613002896308898
PS16fa,0.0476,36.68593,36.62401474866595,0.061915251334049515,0.063150205,8.310333724762717,-1.5334447917004093,-9.867514996550357,6.194979743774409,0.04611007,0.0217523949220776
PS16fbb,0.05106,36.86797000000001,36.78180110974435,0.08616889025565655,0.08684546,8.618225974907908,-1.4086579431060982,-10.017388758639653,6.3200900763844015,,0.0176119249314069
PS16n,0.05309,36.961729999999996,36.869626312654546,0.09210368734544971,0.09206298,9.46110137136928,-1.3137275712748162,-10.781375325584948,7.33668220202819,0.071041,0.0658077795803546
PS17akj,0.04777,36.69117000000001,36.63202298249204,0.0591470175079678,0.05973649,8.733473993451751,-0.1653696362481056,-8.85969418784732,4.129293603796697,0.04680759,0.0442762783914804
PS17bii,0.07446,37.44443,37.63694706845193,-0.1925170684519344,-0.19203523,9.140484737536903,-0.2724458695612262,-9.401320424229082,6.40872195021072,0.07339104,0.0661033190786838
PS17tn,0.0459,36.45623,36.5423718855833,-0.08614188558330227,-0.083428904,8.884924741295807,-0.8109419379817078,-9.723286651790715,6.089589024195938,0.0447037,0.0145113135874271
PS17yt,0.07073,37.500629999999994,37.51970274178774,-0.01907274178774543,-0.018966874,7.317793125199819,-1.2696568030109157,-8.461361316296365,2.485069584966731,0.06976286,0.0092489993944764
PSNJ0153424,0.02556,35.23412999999999,35.238631278358696,-0.004501278358702621,-0.0046453113,9.244953918560604,-0.8749753132765472,-10.110112894260158,7.502906684225493,0.02562302,0.0465926694869995
PSNJ0859349,0.02938,35.52113,35.54725992505858,-0.02612992505858358,-0.025594449,9.56318644293055,-0.1523665625095091,-9.776704179974269,6.601062499900623,0.02811959,0.020851742401719
PSNJ1204051,0.04545,36.626329999999996,36.5202696242838,0.10606037571619709,0.105002716,8.655240693323366,-1.5875007872047548,-10.28042283941416,6.560245917194262,0.0438507,0.0269987288117408
PSNJ2352371,0.02596,35.441129999999994,35.272998575064776,0.16813142493521838,0.16702287,9.18341186459215,-0.8970614537063968,-10.121686539719567,7.589728814901914,0.02648247,0.035354556441307
PTSS17-niq,0.06897,37.366029999999995,37.46231033194842,-0.096280331948428,-0.09641293,7.922805988930419,-0.98635187754375,-8.895318870393616,4.805806951429556,0.06828042,0.0204279776290059
SN2016ayg,0.04349,36.571670000000005,36.42145691278133,0.150213087218674,0.14682947,8.0935678093709,-1.5462830783427846,-9.604197189834734,5.9032511209819205,,0.0420281559973955
SN2016esh,0.04583,36.423370000000006,36.538947598913765,-0.11557759891375952,-0.114176534,9.5643536513621,-0.957641937767798,-10.501142117399391,8.63436437883573,0.04457287,0.030652877613902
SN2016glz,0.04077,36.21687,36.27691024439005,-0.06004024439005207,-0.05867799,7.715442398559449,-1.708966434754236,-9.423846337739691,5.579885673085927,0.03,0.0704541072249412
SN2016gmb,0.0583,37.11807,37.08098770999183,0.03708229000817198,0.038526732,8.078535896311596,-1.287048538124644,-9.428389899396764,4.408325478839708,,0.029271250963211
SN2016grz,0.08704,38.117670000000004,37.99475285099791,0.12291714900209172,0.12197062,8.86574108647445,-1.2578365486970418,-10.188337241599331,6.994100937057324,,0.0425969016551971
SN2016hpx,0.03282,35.750370000000004,35.793224219455745,-0.04285421945574086,-0.03897918,9.093307076807063,-0.8473595571726573,-9.950875594665323,6.409452116208127,,0.0245070894062519
SN2016ixf,0.06711,37.557570000000005,37.40011079498107,0.15745920501893806,0.15405834,7.715442369060046,-1.042599766747081,-8.65707600296998,3.4229733489142826,,0.0293145240098238
SN2017cii,0.03289,35.97547,35.797962951893,0.17750704810700313,0.17563516,8.71828435418649,-1.0540108132828805,-9.780574254985632,7.032984503189226,0.03323783,0.0581650809943675
SN2017cjv,0.06092,37.200129999999994,37.18048591908713,0.01964408091286174,0.019111231,9.34458373147767,-1.4408872729540845,-10.761052619251677,7.900578675327111,0.059528,0.0259649204462766
SN2017ckx,0.02858,35.604029999999995,35.48602197162032,0.11800802837967694,0.11838463,10.292312279217946,0.3877944903437146,-9.835864263449295,7.43159766141969,0.0271341,0.029409816339612
SN2017coa,0.04095,36.525670000000005,36.28676151292625,0.23890848707375767,0.23907691,7.888068521148071,-1.2665230117832218,-9.139804574051798,5.356640058388875,,0.055634599328041
SN2017cpu,0.05502,36.81203,36.95016670512754,-0.13813670512754328,-0.13620667,9.65747146278733,-0.9719512382347736,-10.667497180119735,8.16348314987441,0.05440448,0.0237389071285724
SN2017hn,0.02557,35.187929999999994,35.23949687826992,-0.05156687826992368,-0.052960824,9.70023676709097,-1.3290665648199946,-11.086355286967304,7.858342274617799,0.02385031,0.0283872050791978
SN2017mf,0.02598,35.37282999999999,35.27470326332633,0.09812673667366312,0.09752753,9.319108196380109,-0.7509920963348341,-10.06029544957654,6.611609401138144,0.025612,0.0094285062886774
SN2017ms,0.02591,35.360870000000006,35.26873120715916,0.09213879284084214,0.092279494,8.144922830306001,-0.1910649178483023,-8.049457591137712,0.4382966578438138,0.02448259,0.0085219460539519
iPTF17dz,0.09293,38.36177000000001,38.14563753459076,0.21613246540924536,0.21436001,8.846123112641255,-0.9379597703797112,-9.840587040143914,5.617748688206865,,0.0248621449619531
