CID,CIDint,IDSURVEY,TYPE,zHEL,zHELERR,zCMB,zCMBERR,zHD,zHDERR,VPEC,VPECERR,MWEBV,HOST_ZSPEC,HOST_ZSPECERR,HOST_RA,HOST_DEC,HOST_ANGSEP,HOST_DDLR,HOST_LOGMASS,HOST_LOGMASS_ERR,HOST_COLOR,HOST_COLOR_ERR,PKMJD,PKMJDERR,x1,x1ERR,c,cERR,mB,mBERR,mB_corr,x0,x0ERR,COV_x1_c,COV_x1_x0,COV_c_x0,NDOF,FITPROB,PROB_SCONE,PROB_SNIRFV19,PROB_SNNDESCC,PROB_SNNJ17,PROB_SNNV19,MU,MUERR_FINAL,PROBCC_BEAMS,biasCor_mu,biasCor_muCOVSCALE,biasCor_muCOVADD
2001ah,48,63,1,0.05776,0.00001,0.05837,0.00001,0.05886,0.00088,-138.06,250.00,0.01,-9.0,-9.0,-999.0,-999.0,-9.0,-9.00,11.02,0.17,0.99,-999.00,52006.9609,0.5770,1.5227,0.4264,-0.0367,0.0197,17.4172,0.0400,17.8399,1.9369E-03,7.1276E-05,0.0012,-0.0000,-0.0000,24,0.8911,-9.0000,-9.0000,-9.0000,-9.0000,-9.0000,37.1631,0.1344,0.0000,-0.0444,1.0000,0.0032
2001ay,135,63,1,0.03025,0.00001,0.03093,0.00001,0.03085,0.00086,24.84,250.00,0.02,-9.0,-9.0,-999.0,-999.0,-9.0,-9.00,10.63,0.10,1.16,-999.00,52024.2031,0.3673,2.2595,0.2015,0.1729,0.0205,16.4234,0.0302,16.3732,4.8379E-03,1.3473E-04,0.0002,-0.0000,-0.0000,25,0.2511,-9.0000,-9.0000,-9.0000,-9.0000,-9.0000,35.6964,0.1741,0.0000,-0.1067,1.0000,0.0201
2001az,153,63,1,0.04069,0.00009,0.04059,0.00009,0.04101,0.00087,-120.83,250.00,0.04,-9.0,-9.0,-999.0,-999.0,-9.0,-9.00,10.52,0.08,1.31,-999.00,52031.8359,0.7532,1.0685,0.4271,-0.0522,0.0204,16.7311,0.0324,17.1236,3.6437E-03,1.0859E-04,0.0041,0.0000,-0.0000,19,0.9769,-9.0000,-9.0000,-9.0000,-9.0000,-9.0000,36.4468,0.0979,0.0000,-0.0392,1.0000,0.0033
2001eh,49,63,1,0.03713,0.00016,0.03627,0.00016,0.03725,0.00088,-283.42,250.00,0.05,-9.0,-9.0,-999.0,-999.0,-9.0,-9.00,10.97,0.20,1.34,-999.00,52169.8945,0.3932,1.5684,0.1740,-0.0172,0.0145,16.3921,0.0199,16.7646,4.9791E-03,9.1191E-05,-0.0001,0.0000,-0.0000,41,0.8053,-9.0000,-9.0000,-9.0000,-9.0000,-9.0000,36.0879,0.1099,0.0000,-0.0479,1.0000,0.0052
2002bf,110,63,1,0.02438,0.00001,0.02494,0.00001,0.02525,0.00085,-91.72,250.00,0.01,-9.0,-9.0,-999.0,-999.0,-9.0,-9.00,10.58,0.14,1.29,-999.00,52338.5508,0.8279,-2.3418,0.3537,-0.1144,0.0876,15.7745,0.1545,15.7884,8.7940E-03,1.2512E-03,0.0216,-0.0003,-0.0001,9,0.9748,-9.0000,-9.0000,-9.0000,-9.0000,-9.0000,35.1116,0.1442,0.0000,-0.0152,1.0000,0.0029
2002he,14,63,1,0.02441,0.00008,0.02469,0.00008,0.02519,0.00086,-146.36,250.00,0.03,-9.0,-9.0,-999.0,-999.0,-9.0,-9.00,11.15,0.37,1.62,-999.00,52586.0938,0.1231,-1.5875,0.2336,-0.0220,0.0297,16.0251,0.0482,15.9267,6.9819E-03,3.1003E-04,0.0045,-0.0001,-0.0000,28,0.9909,-9.0000,-9.0000,-9.0000,-9.0000,-9.0000,35.2499,0.1249,0.0000,-0.0695,1.0000,0.0050
2002hu,133,63,1,0.03670,0.00100,0.03591,0.00100,0.03705,0.00132,-326.81,250.00,0.04,-9.0,-9.0,-999.0,-999.0,-9.0,-9.00,10.46,0.23,1.03,-999.00,52592.6602,0.1608,0.4639,0.1413,-0.0522,0.0151,16.4135,0.0192,16.7169,4.8821E-03,8.6496E-05,0.0008,-0.0000,-0.0000,39,0.9378,-9.0000,-9.0000,-9.0000,-9.0000,-9.0000,36.0401,0.0973,0.0000,-0.0471,1.0000,0.0033
2003U,195,63,1,0.02810,0.00000,0.02794,0.00000,0.02833,0.00086,-113.64,250.00,0.03,-9.0,-9.0,-999.0,-999.0,-9.0,-9.00,10.42,0.12,0.75,-999.00,52677.4180,0.1913,-2.0367,0.4769,-0.0130,0.0335,16.2490,0.0458,16.0499,5.6808E-03,2.3942E-04,0.0089,-0.0001,-0.0000,13,0.9980,-9.0000,-9.0000,-9.0000,-9.0000,-9.0000,35.3731,0.1363,0.0000,-0.0694,1.0000,0.0056
2003ch,93,63,1,0.02833,0.00012,0.02895,0.00012,0.02919,0.00087,-71.23,250.00,0.06,-9.0,-9.0,-999.0,-999.0,-9.0,-9.00,10.74,0.12,1.45,-999.00,52726.0469,0.3198,-1.2541,0.1750,-0.0279,0.0180,16.4464,0.0250,16.4097,4.7362E-03,1.0902E-04,-0.0001,0.0000,-0.0000,19,0.1901,-9.0000,-9.0000,-9.0000,-9.0000,-9.0000,35.7330,0.1171,0.0000,-0.0594,1.0000,0.0046
2003fa,136,63,1,0.04039,0.00012,0.04015,0.00012,0.04056,0.00088,-119.78,250.00,0.03,-9.0,-9.0,-999.0,-999.0,-9.0,-9.00,10.83,0.20,1.06,-999.00,52807.4727,0.0961,1.5622,0.1286,-0.0173,0.0153,16.4822,0.0202,16.8535,4.5828E-03,8.5128E-05,0.0008,-0.0000,-0.0000,63,0.9978,-9.0000,-9.0000,-9.0000,-9.0000,-9.0000,36.1767,0.1037,0.0000,-0.0472,1.0000,0.0050
2003ic,111,63,1,0.05311,0.00002,0.05196,0.00002,0.05126,0.00088,198.53,250.00,0.03,-9.0,-9.0,-999.0,-999.0,-9.0,-9.00,11.58,0.15,1.60,-999.00,52906.2891,0.9537,-1.5812,0.2614,-0.0123,0.0279,17.3593,0.0571,17.2349,2.0430E-03,1.0750E-04,-0.0003,0.0000,-0.0000,15,0.3858,-9.0000,-9.0000,-9.0000,-9.0000,-9.0000,36.5582,0.1175,0.0000,-0.0730,1.0000,0.0047
2003it,29,63,1,0.02528,0.00001,0.02413,0.00001,0.02510,0.00085,-284.91,250.00,0.06,-9.0,-9.0,-999.0,-999.0,-9.0,-9.00,10.72,0.22,1.44,-999.00,52935.1641,0.5550,-1.6026,0.2497,0.0622,0.0221,16.1412,0.0280,15.7990,6.2736E-03,1.6157E-04,0.0009,-0.0000,-0.0000,12,0.9252,-9.0000,-9.0000,-9.0000,-9.0000,-9.0000,35.1222,0.1555,0.0000,-0.0908,1.0000,0.0121
2003iv,69,63,1,0.03426,0.00016,0.03351,0.00016,0.03491,0.00088,-405.52,250.00,0.12,-9.0,-9.0,-999.0,-999.0,-9.0,-9.00,10.98,0.16,1.36,-999.00,52934.0391,0.4046,-2.0278,0.2832,-0.0545,0.0238,16.7843,0.0344,16.6978,3.4694E-03,1.0998E-04,0.0009,-0.0000,-0.0000,12,0.9987,-9.0000,-9.0000,-9.0000,-9.0000,-9.0000,36.0211,0.1146,0.0000,-0.0509,1.0000,0.0033
2004L,13,63,1,0.03229,0.00001,0.03344,0.00001,0.03373,0.00086,-83.47,250.00,0.03,-9.0,-9.0,-999.0,-999.0,-9.0,-9.00,10.45,0.10,0.93,-999.00,53028.6641,0.0231,-0.4404,0.1925,0.1431,0.0222,16.9850,0.0459,16.5790,2.8841E-03,1.2192E-04,0.0006,-0.0000,-0.0000,24,0.0409,-9.0000,-9.0000,-9.0000,-9.0000,-9.0000,35.9022,0.1700,0.0000,-0.0923,1.0000,0.0180
2004as,197,63,1,0.03139,0.00001,0.03250,0.00001,0.03296,0.00086,-136.07,250.00,0.01,-9.0,-9.0,-999.0,-999.0,-9.0,-9.00,8.68,0.21,-0.06,-999.00,53086.1523,0.1953,0.3248,0.1951,0.0487,0.0189,16.7045,0.0232,16.6157,3.7342E-03,7.9933E-05,0.0008,-0.0000,-0.0000,23,0.6824,-9.0000,-9.0000,-9.0000,-9.0000,-9.0000,35.9389,0.1580,0.0000,-0.0296,1.0000,0.0164
2004ef,0,64,1,0.03101,0.00002,0.02978,0.00002,0.03012,0.00086,-99.55,250.00,0.05,-9.0,-9.0,-999.0,-999.0,-9.0,-9.00,10.82,0.17,1.06,-999.00,53264.7148,0.0486,-1.4005,0.0373,0.0738,0.0098,16.5993,0.0130,16.2560,4.1140E-03,4.9282E-05,0.0000,-0.0000,-0.0000,224,1.0000,-9.0000,-9.0000,-9.0000,-9.0000,-9.0000,35.5792,0.1422,0.0000,-0.0934,1.0000,0.0132
2004gc,123,5,1,0.03192,0.00006,0.03196,0.00006,0.03267,0.00086,-206.04,250.00,0.18,-9.0,-9.0,-999.0,-999.0,-9.0,-9.00,10.30,0.14,1.32,-999.00,53326.3633,0.2686,-0.7070,0.0645,0.1075,0.0158,16.5240,0.0404,16.1816,4.4097E-03,1.6409E-04,-0.0001,0.0000,-0.0000,86,0.7231,-9.0000,-9.0000,-9.0000,-9.0000,-9.0000,35.5048,0.1501,0.0000,-0.0876,1.0000,0.0155
2004gs,126,5,1,0.02740,0.00001,0.02829,0.00001,0.02857,0.00086,-79.75,250.00,0.03,-9.0,-9.0,-999.0,-999.0,-9.0,-9.00,10.61,0.13,1.47,-999.00,53356.2422,0.1097,-1.8871,0.0455,0.1535,0.0125,16.8940,0.0133,16.2347,3.1361E-03,3.8363E-05,-0.0000,-0.0000,-0.0000,121,0.3839,-9.0000,-9.0000,-9.0000,-9.0000,-9.0000,35.5579,0.1650,0.0000,-0.1041,1.0000,0.0191
2004gu,46,5,1,0.04558,0.00002,0.04670,0.00002,0.04664,0.00087,18.53,250.00,0.02,-9.0,-9.0,-999.0,-999.0,-9.0,-9.00,10.22,0.22,1.48,-999.00,53363.0703,0.1505,1.3944,0.0782,0.0757,0.0112,17.1573,0.0122,17.2470,2.4609E-03,2.7738E-05,-0.0000,-0.0000,-0.0000,123,0.9962,-9.0000,-9.0000,-9.0000,-9.0000,-9.0000,36.5702,0.1267,0.0000,-0.0828,1.0000,0.0109
2005M,77,64,1,0.02484,0.00005,0.02584,0.00005,0.02598,0.00086,-42.12,250.00,0.03,-9.0,-9.0,-999.0,-999.0,-9.0,-9.00,9.93,0.08,0.49,-999.00,53406.7539,0.0527,1.2017,0.0487,-0.0015,0.0100,15.6523,0.0107,15.8521,9.8418E-03,9.7180E-05,0.0000,-0.0000,-0.0000,198,0.9991,-9.0000,-9.0000,-9.0000,-9.0000,-9.0000,35.1753,0.1363,0.0000,-0.0206,1.0000,0.0103
2005eq,55,64,1,0.02893,0.00001,0.02831,0.00001,0.02823,0.00086,23.08,250.00,0.06,-9.0,-9.0,-999.0,-999.0,-9.0,-9.00,10.62,0.08,1.03,-999.00,53655.0977,0.0920,1.3615,0.0601,0.0013,0.0092,16.0295,0.0158,16.3199,6.9534E-03,1.0092E-04,0.0000,-0.0000,-0.0000,180,1.0000,-9.0000,-9.0000,-9.0000,-9.0000,-9.0000,35.6431,0.1175,0.0000,-0.0568,1.0000,0.0065
2005eu,89,64,1,0.03449,0.00500,0.03369,0.00500,0.03516,0.00507,-427.55,250.00,0.11,-9.0,-9.0,-999.0,-999.0,-9.0,-9.00,9.15,0.03,0.72,-999.00,53660.6484,0.1275,1.1121,0.1059,-0.1000,0.0212,16.2122,0.0344,16.6861,5.8767E-03,1.8607E-04,0.0001,-0.0000,-0.0000,91,0.3504,-9.0000,-9.0000,-9.0000,-9.0000,-9.0000,36.0093,0.1232,0.0000,-0.0020,1.0000,0.0046
2005hc,76,64,1,0.04592,0.00002,0.04496,0.00002,0.04575,0.00087,-228.69,250.00,0.03,-9.0,-9.0,-999.0,-999.0,-9.0,-9.00,10.48,0.08,1.28,-999.00,53668.1484,0.1018,0.8642,0.0708,-0.0370,0.0085,17.0626,0.0101,17.3853,2.6852E-03,2.4883E-05,0.0001,-0.0000,-0.0000,155,0.9580,-9.0000,-9.0000,-9.0000,-9.0000,-9.0000,36.7085,0.0902,0.0000,-0.0495,1.0000,0.0037
2005hj,99,64,1,0.05739,0.00001,0.05631,0.00001,0.05708,0.00088,-217.88,250.00,0.03,-9.0,-9.0,-999.0,-999.0,-9.0,-9.00,9.49,0.15,1.10,-999.00,53674.7891,0.2406,1.6156,0.1253,-0.0119,0.0108,17.4747,0.0135,17.7828,1.8370E-03,2.2841E-05,0.0002,-0.0000,-0.0000,85,0.5453,-9.0000,-9.0000,-9.0000,-9.0000,-9.0000,37.1061,0.1095,0.0000,-0.0299,1.0000,0.0076
2005iq,141,64,1,0.03404,0.00012,0.03292,0.00012,0.03341,0.00087,-141.55,250.00,0.02,-9.0,-9.0,-999.0,-999.0,-9.0,-9.00,10.49,0.08,1.13,-999.00,53688.1797,0.0771,-1.0282,0.0628,-0.0984,0.0091,16.5153,0.0097,16.6983,4.4450E-03,3.9846E-05,0.0001,-0.0000,-0.0000,136,0.9602,-9.0000,-9.0000,-9.0000,-9.0000,-9.0000,36.0215,0.0943,0.0000,-0.0228,1.0000,0.0030
2005ir,159,64,1,0.07603,0.00001,0.07490,0.00001,0.07520,0.00090,-83.86,250.00,0.03,-9.0,-9.0,-999.0,-999.0,-9.0,-9.00,10.08,0.10,0.78,-999.00,53685.2227,0.2475,1.1155,0.1624,-0.0140,0.0114,18.1602,0.0126,18.4632,9.7710E-04,1.1341E-05,0.0003,-0.0000,-0.0000,77,0.1178,-9.0000,-9.0000,-9.0000,-9.0000,-9.0000,37.7864,0.0776,0.0000,-0.0611,1.0000,0.0020
2005ku,124,5,1,0.04525,0.00001,0.04397,0.00001,0.04439,0.00087,-120.60,250.00,0.05,-9.0,-9.0,-999.0,-999.0,-9.0,-9.00,9.93,0.13,0.80,-999.00,53699.5117,0.3001,-0.0773,0.1768,0.0733,0.0146,17.3078,0.0183,17.0916,2.1423E-03,3.6206E-05,0.0003,0.0000,-0.0000,25,0.0271,-9.0000,-9.0000,-9.0000,-9.0000,-9.0000,36.4148,0.1588,0.0000,-0.0435,1.0000,0.0188
2005lz,11,64,1,0.04624,0.00014,0.04541,0.00014,0.04643,0.00088,-292.46,250.00,0.08,-9.0,-9.0,-999.0,-999.0,-9.0,-9.00,11.04,0.26,1.47,-999.00,53736.3945,0.1737,-1.2436,0.1532,0.0473,0.0182,17.3675,0.0266,17.1291,2.0277E-03,4.9654E-05,0.0002,-0.0000,-0.0000,44,0.8987,-9.0000,-9.0000,-9.0000,-9.0000,-9.0000,36.4523,0.1238,0.0000,-0.0905,1.0000,0.0088
2005ms,148,64,1,0.02522,0.00001,0.02595,0.00001,0.02669,0.00086,-217.49,250.00,0.03,-9.0,-9.0,-999.0,-999.0,-9.0,-9.00,10.33,0.10,0.75,-999.00,53744.0508,0.1078,0.5321,0.1044,-0.0361,0.0154,15.8881,0.0200,16.1596,7.9206E-03,1.4612E-04,0.0004,-0.0000,-0.0000,39,0.9885,-9.0000,-9.0000,-9.0000,-9.0000,-9.0000,35.4828,0.1124,0.0000,-0.0546,1.0000,0.0040
2005na,100,64,1,0.02665,0.00008,0.02717,0.00008,0.02748,0.00086,-88.88,250.00,0.07,-9.0,-9.0,-999.0,-999.0,-9.0,-9.00,11.11,0.26,1.47,-999.00,53741.4062,0.1320,-0.3651,0.0552,-0.0624,0.0100,15.7401,0.0170,15.9407,9.0770E-03,1.4198E-04,0.0000,-0.0000,-0.0000,142,0.0211,-9.0000,-9.0000,-9.0000,-9.0000,-9.0000,35.2639,0.1039,0.0000,-0.0458,1.0000,0.0034
2006S,27,64,1,0.03224,0.00001,0.03310,0.00001,0.03393,0.00086,-240.12,250.00,0.01,-9.0,-9.0,-999.0,-999.0,-9.0,-9.00,10.45,0.10,0.99,-999.00,53770.4648,0.1220,1.0013,0.0829,0.0357,0.0132,16.5750,0.0149,16.7156,4.2071E-03,5.7871E-05,0.0001,-0.0000,-0.0000,80,0.9999,-9.0000,-9.0000,-9.0000,-9.0000,-9.0000,36.0388,0.1258,0.0000,-0.0721,1.0000,0.0092
2006al,67,64,1,0.06780,0.00002,0.06908,0.00002,0.06886,0.00089,60.41,250.00,0.02,-9.0,-9.0,-999.0,-999.0,-9.0,-9.00,10.05,0.12,1.38,-999.00,53787.4727,0.6478,-1.3643,0.2823,-0.0918,0.0253,18.1432,0.0484,18.2640,9.9249E-04,4.4209E-05,0.0020,-0.0000,-0.0000,28,0.8574,-9.0000,-9.0000,-9.0000,-9.0000,-9.0000,37.5872,0.1065,0.0000,-0.0354,1.0000,0.0020
2006az,129,64,1,0.03103,0.00001,0.03158,0.00001,0.03201,0.00086,-124.25,250.00,0.01,-9.0,-9.0,-999.0,-999.0,-9.0,-9.00,11.15,0.09,1.62,-999.00,53826.8867,0.1166,-1.3312,0.0580,-0.0634,0.0132,16.2217,0.0152,16.2687,5.8252E-03,8.1788E-05,0.0001,-0.0000,-0.0000,115,0.9808,-9.0000,-9.0000,-9.0000,-9.0000,-9.0000,35.5919,0.0999,0.0000,-0.0448,1.0000,0.0033
2006cf,174,64,1,0.04146,0.00001,0.04223,0.00001,0.04268,0.00087,-129.54,250.00,0.01,-9.0,-9.0,-999.0,-999.0,-9.0,-9.00,10.81,0.10,0.93,-999.00,53874.2070,0.6571,-0.2387,0.2848,-0.1019,0.0261,16.7891,0.0425,17.1092,3.4544E-03,1.3536E-04,0.0014,-0.0000,-0.0000,10,0.0747,-9.0000,-9.0000,-9.0000,-9.0000,-9.0000,36.4324,0.1039,0.0000,-0.0220,1.0000,0.0027
2006cq,152,64,1,0.04844,0.00002,0.04928,0.00002,0.04944,0.00088,-44.67,250.00,0.01,-9.0,-9.0,-999.0,-999.0,-9.0,-9.00,11.16,0.34,1.36,-999.00,53890.4375,0.5474,1.0172,0.4248,0.0192,0.0184,17.3388,0.0209,17.5260,2.0821E-03,4.0098E-05,0.0035,-0.0000,-0.0000,16,0.8387,-9.0000,-9.0000,-9.0000,-9.0000,-9.0000,36.8492,0.1207,0.0000,-0.0647,1.0000,0.0065
2006en,66,64,1,0.03198,0.00001,0.03081,0.00001,0.03162,0.00086,-236.15,250.00,0.06,-9.0,-9.0,-999.0,-999.0,-9.0,-9.00,10.91,0.15,1.05,-999.00,53972.2695,0.4164,0.1057,0.1250,0.0475,0.0169,16.5291,0.0317,16.4939,4.3890E-03,1.2826E-04,-0.0003,0.0000,-0.0000,41,0.4833,-9.0000,-9.0000,-9.0000,-9.0000,-9.0000,35.8171,0.1326,0.0000,-0.0771,1.0000,0.0104
2006ev,78,64,1,0.02873,0.00001,0.02759,0.00001,0.02810,0.00086,-149.12,250.00,0.08,-9.0,-9.0,-999.0,-999.0,-9.0,-9.00,10.80,0.16,1.47,-999.00,53989.7461,0.2906,-1.3466,0.0872,0.0724,0.0160,16.7667,0.0321,16.4372,3.5262E-03,1.0414E-04,0.0000,0.0000,-0.0000,73,1.0000,-9.0000,-9.0000,-9.0000,-9.0000,-9.0000,35.7604,0.1454,0.0000,-0.0940,1.0000,0.0132
2006gr,91,64,1,0.03467,0.00001,0.03352,0.00001,0.03428,0.00086,-220.64,250.00,0.07,-9.0,-9.0,-999.0,-999.0,-9.0,-9.00,10.72,0.09,1.22,-999.00,54013.3555,0.0896,0.9424,0.0860,0.0722,0.0133,16.7305,0.0203,16.7565,3.6459E-03,6.8127E-05,0.0001,-0.0000,-0.0000,71,0.9604,-9.0000,-9.0000,-9.0000,-9.0000,-9.0000,36.0797,0.1398,0.0000,-0.0808,1.0000,0.0129
2006lu,6,5,1,0.05340,0.00009,0.05449,0.00009,0.05346,0.00088,291.11,250.00,0.10,-9.0,-9.0,-999.0,-999.0,-9.0,-9.00,10.25,0.09,0.97,-999.00,54036.3984,0.3974,0.3094,0.0965,-0.0921,0.0152,17.2640,0.0321,17.6449,2.2304E-03,6.5904E-05,-0.0002,0.0000,-0.0000,52,0.9814,-9.0000,-9.0000,-9.0000,-9.0000,-9.0000,36.9681,0.0844,0.0000,-0.0252,1.0000,0.0025
2006mo,176,64,1,0.03718,0.00016,0.03616,0.00016,0.03702,0.00088,-249.26,250.00,0.04,-9.0,-9.0,-999.0,-999.0,-9.0,-9.00,10.76,0.08,1.54,-999.00,54047.4336,0.3274,-2.2735,0.1325,0.0381,0.0220,17.1496,0.0342,16.7659,2.4782E-03,7.8172E-05,-0.0001,0.0000,-0.0000,30,0.5011,-9.0000,-9.0000,-9.0000,-9.0000,-9.0000,36.0891,0.1315,0.0000,-0.0820,1.0000,0.0094
2006oa,193,64,1,0.06257,0.00001,0.06142,0.00001,0.06153,0.00089,-33.08,250.00,0.03,-9.0,-9.0,-999.0,-999.0,-9.0,-9.00,8.91,0.46,0.67,-999.00,54067.1367,0.1618,1.4449,0.2524,-0.0119,0.0161,17.6365,0.0208,17.9218,1.5827E-03,3.0314E-05,0.0017,-0.0000,-0.0000,51,0.7892,-9.0000,-9.0000,-9.0000,-9.0000,-9.0000,37.2450,0.1100,0.0000,-0.0344,1.0000,0.0066
2006ob,1,64,1,0.05860,0.00004,0.05760,0.00004,0.05824,0.00088,-179.42,250.00,0.03,-9.0,-9.0,-999.0,-999.0,-9.0,-9.00,11.18,0.08,1.44,-999.00,54063.5430,0.1439,-2.0999,0.0979,-0.0097,0.0130,17.9537,0.0151,17.7473,1.1817E-03,1.6440E-05,0.0002,-0.0000,-0.0000,95,0.9574,-9.0000,-9.0000,-9.0000,-9.0000,-9.0000,37.0706,0.0919,0.0000,-0.0826,1.0000,0.0040
2006on,106,64,1,0.07191,0.00001,0.07068,0.00001,0.07089,0.00089,-60.92,250.00,0.12,-9.0,-9.0,-999.0,-999.0,-9.0,-9.00,10.17,0.12,1.31,-999.00,54065.1523,0.6004,-0.4463,0.5946,0.0840,0.0471,18.1973,0.0616,18.0136,9.4424E-04,5.3546E-05,0.0182,-0.0000,-0.0000,19,0.0880,-9.0000,-9.0000,-9.0000,-9.0000,-9.0000,37.3368,0.1235,0.0000,-0.1313,1.0000,0.0039
2006py,45,5,1,0.05787,0.00001,0.05658,0.00001,0.05653,0.00088,14.34,250.00,0.05,-9.0,-9.0,-999.0,-999.0,-9.0,-9.00,9.80,0.14,1.33,-999.00,54071.4141,0.3533,0.1168,0.2702,0.0154,0.0160,17.6204,0.0196,17.6190,1.6064E-03,2.8973E-05,0.0019,-0.0000,-0.0000,28,0.7901,-9.0000,-9.0000,-9.0000,-9.0000,-9.0000,36.9422,0.1236,0.0000,-0.0467,1.0000,0.0098
2006qo,151,64,1,0.02837,0.00008,0.02871,0.00008,0.02898,0.00086,-77.26,250.00,0.03,-9.0,-9.0,-999.0,-999.0,-9.0,-9.00,10.81,0.12,1.55,-999.00,54083.1094,0.1176,0.5236,0.0730,0.2029,0.0143,16.6094,0.0189,16.1752,4.0760E-03,7.0805E-05,0.0001,-0.0000,-0.0000,60,0.6474,-9.0000,-9.0000,-9.0000,-9.0000,-9.0000,35.4984,0.1733,0.0000,-0.0953,1.0000,0.0217
2006te,131,64,1,0.03155,0.00001,0.03212,0.00001,0.03290,0.00086,-227.18,250.00,0.04,-9.0,-9.0,-999.0,-999.0,-9.0,-9.00,10.26,0.08,1.08,-999.00,54097.3438,0.3938,0.0373,0.1107,-0.0432,0.0182,16.3167,0.0299,16.5304,5.3372E-03,1.4702E-04,-0.0005,0.0000,-0.0000,55,0.7651,-9.0000,-9.0000,-9.0000,-9.0000,-9.0000,35.8536,0.1031,0.0000,-0.0541,1.0000,0.0035
2007O,149,64,1,0.03694,0.00001,0.03732,0.00001,0.03818,0.00087,-245.95,250.00,0.02,-9.0,-9.0,-999.0,-999.0,-9.0,-9.00,10.76,0.05,0.89,-999.00,54124.7305,0.4441,-0.2963,0.1206,-0.0579,0.0188,16.4929,0.0330,16.6914,4.5379E-03,1.3774E-04,-0.0003,0.0000,-0.0000,49,0.2813,-9.0000,-9.0000,-9.0000,-9.0000,-9.0000,36.0146,0.0970,0.0000,-0.0469,1.0000,0.0033
2007R,173,64,1,0.03081,0.00001,0.03126,0.00001,0.03174,0.00086,-140.28,250.00,0.04,-9.0,-9.0,-999.0,-999.0,-9.0,-9.00,11.01,0.14,1.33,-999.00,54129.5664,0.3632,-1.4852,0.1201,-0.0919,0.0219,16.4394,0.0391,16.5341,4.7669E-03,1.7147E-04,0.0003,0.0000,-0.0000,54,0.9563,-9.0000,-9.0000,-9.0000,-9.0000,-9.0000,35.8573,0.0987,0.0000,-0.0283,1.0000,0.0030
2007ae,9,64,1,0.06499,0.00036,0.06485,0.00036,0.06533,0.00096,-135.09,250.00,0.04,-9.0,-9.0,-999.0,-999.0,-9.0,-9.00,11.24,0.06,1.09,-999.00,54154.2891,0.6101,0.9664,0.2180,-0.0179,0.0174,17.5415,0.0321,17.8327,1.7275E-03,5.1142E-05,-0.0003,0.0000,-0.0000,44,0.5341,-9.0000,-9.0000,-9.0000,-9.0000,-9.0000,37.1559,0.0909,0.0000,-0.0612,1.0000,0.0031
2007bd,2,64,1,0.03044,0.00010,0.03141,0.00010,0.03120,0.00087,62.70,250.00,0.03,-9.0,-9.0,-999.0,-999.0,-9.0,-9.00,10.64,0.11,1.25,-999.00,54206.9336,0.0703,-1.0613,0.0598,-0.0700,0.0104,16.2702,0.0120,16.3777,5.5707E-03,6.1673E-05,0.0000,-0.0000,-0.0000,91,0.4077,-9.0000,-9.0000,-9.0000,-9.0000,-9.0000,35.7009,0.0990,0.0000,-0.0413,1.0000,0.0033
2007co,128,64,1,0.02696,0.00011,0.02655,0.00011,0.02731,0.00086,-221.82,250.00,0.10,-9.0,-9.0,-999.0,-999.0,-9.0,-9.00,10.41,0.11,0.96,-999.00,54265.0898,0.1013,-0.0623,0.0925,0.0700,0.0131,16.2452,0.0235,16.1108,5.7007E-03,1.2315E-04,0.0000,-0.0000,-0.0000,99,0.7003,-9.0000,-9.0000,-9.0000,-9.0000,-9.0000,35.4340,0.1498,0.0000,-0.0751,1.0000,0.0129
2007cq,107,64,1,0.02604,0.00008,0.02481,0.00008,0.02510,0.00086,-83.97,250.00,0.09,-9.0,-9.0,-999.0,-999.0,-9.0,-9.00,9.74,0.17,0.78,-999.00,54281.1211,0.1120,-0.2122,0.1832,-0.0076,0.0152,15.6256,0.0250,15.6321,1.0087E-02,2.3261E-04,0.0010,-0.0000,-0.0000,45,0.9560,-9.0000,-9.0000,-9.0000,-9.0000,-9.0000,34.9553,0.1382,0.0000,-0.0356,1.0000,0.0096
2007hu,157,65,1,0.03518,0.00001,0.03518,0.00001,0.03551,0.00086,-94.25,250.00,0.04,-9.0,-9.0,-999.0,-999.0,-9.0,-9.00,10.99,0.03,1.66,-999.00,54355.4375,0.0609,-1.7583,0.5370,0.2576,0.0493,17.5801,0.0870,16.6184,1.6670E-03,1.3357E-04,0.0089,-0.0000,-0.0000,14,0.2654,-9.0000,-9.0000,-9.0000,-9.0000,-9.0000,35.9416,0.2081,0.0000,-0.1055,1.0000,0.0211
2007is,137,65,1,0.02953,0.00001,0.02953,0.00001,0.02866,0.00086,253.02,250.00,0.02,-9.0,-9.0,-999.0,-999.0,-9.0,-9.00,10.65,0.15,1.09,-999.00,54366.3867,0.5672,-0.0866,0.1903,-0.0039,0.0205,16.1561,0.0309,16.2420,6.1880E-03,1.7639E-04,-0.0009,0.0000,-0.0000,19,0.0818,-9.0000,-9.0000,-9.0000,-9.0000,-9.0000,35.5652,0.1265,0.0000,-0.0688,1.0000,0.0062
2007jg,169,5,1,0.03707,0.00001,0.03652,0.00001,0.03756,0.00086,-297.74,250.00,0.09,-9.0,-9.0,-999.0,-999.0,-9.0,-9.00,9.52,0.12,1.41,-999.00,54366.9727,0.1589,-0.4295,0.0931,-0.0087,0.0132,16.9987,0.0216,16.9738,2.8480E-03,5.6749E-05,0.0001,-0.0000,-0.0000,66,0.9946,-9.0000,-9.0000,-9.0000,-9.0000,-9.0000,36.2970,0.1253,0.0000,-0.0359,1.0000,0.0096
2007kk,34,65,1,0.04177,0.00016,0.04130,0.00016,0.04285,0.00088,-446.69,250.00,0.20,-9.0,-9.0,-999.0,-999.0,-9.0,-9.00,11.05,0.08,0.84,-999.00,54383.5547,0.3351,0.9572,0.1458,-0.0075,0.0175,16.7002,0.0419,16.9562,3.7490E-03,1.4458E-04,-0.0001,0.0000,-0.0000,92,0.8266,-9.0000,-9.0000,-9.0000,-9.0000,-9.0000,36.2794,0.1071,0.0000,-0.0598,1.0000,0.0055
2007nq,41,65,1,0.04389,0.00006,0.04275,0.00006,0.04349,0.00087,-212.65,250.00,0.03,-9.0,-9.0,-999.0,-999.0,-9.0,-9.00,11.16,0.10,1.56,-999.00,54398.4805,0.1723,-1.7445,0.0697,-0.0416,0.0117,17.1094,0.0162,17.0354,2.5717E-03,3.8414E-05,0.0001,-0.0000,-0.0000,137,1.0000,-9.0000,-9.0000,-9.0000,-9.0000,-9.0000,36.3586,0.0911,0.0000,-0.0581,1.0000,0.0034
2007ob,35,65,1,0.03389,0.00001,0.03263,0.00001,0.03243,0.00086,56.59,250.00,0.06,-9.0,-9.0,-999.0,-999.0,-9.0,-9.00,10.08,0.05,1.54,-999.00,54402.9414,0.6095,-0.3612,0.2413,0.2300,0.0245,17.0804,0.0513,16.3997,2.6415E-03,1.2487E-04,0.0001,0.0000,-0.0000,32,0.6158,-9.0000,-9.0000,-9.0000,-9.0000,-9.0000,35.7229,0.1907,0.0000,-0.0758,1.0000,0.0214
2007sw,95,65,1,0.02428,0.00006,0.02500,0.00006,0.02517,0.00086,-50.84,250.00,0.02,-9.0,-9.0,-999.0,-999.0,-9.0,-9.00,10.48,0.15,1.07,-999.00,54467.9688,0.3177,0.4668,0.1277,0.0595,0.0181,15.9738,0.0259,15.9583,7.3194E-03,1.7440E-04,0.0001,0.0000,-0.0000,68,0.4504,-9.0000,-9.0000,-9.0000,-9.0000,-9.0000,35.2815,0.1470,0.0000,-0.0761,1.0000,0.0118
2007ux,58,65,1,0.03070,0.00001,0.03183,0.00001,0.03264,0.00086,-233.21,250.00,0.04,-9.0,-9.0,-999.0,-999.0,-9.0,-9.00,10.19,0.08,1.40,-999.00,54464.1758,0.2587,-2.1700,0.0618,0.0904,0.0137,16.9745,0.0234,16.4535,2.9120E-03,6.2796E-05,-0.0001,0.0000,-0.0000,125,0.0124,-9.0000,-9.0000,-9.0000,-9.0000,-9.0000,35.7767,0.1461,0.0000,-0.0910,1.0000,0.0143
2008050,2008050,65,1,0.04526,0.00020,0.04627,0.00020,0.04625,0.00090,6.39,250.00,0.02,-9.0,-9.0,-999.0,-999.0,-9.0,-9.00,9.62,0.08,0.90,-999.00,54621.0469,0.4146,1.4807,0.3004,0.0389,0.0250,16.9151,0.0345,17.0401,3.0759E-03,9.7597E-05,0.0033,-0.0000,-0.0000,42,0.7001,-9.0000,-9.0000,-9.0000,-9.0000,-9.0000,36.3633,0.1452,0.0000,-0.0270,1.0000,0.0140
2008051,2008051,65,1,0.03777,0.00006,0.03835,0.00006,0.03873,0.00087,-109.18,250.00,0.04,-9.0,-9.0,-999.0,-999.0,-9.0,-9.00,9.10,0.08,0.86,-999.00,54617.1406,0.3502,0.7593,0.1555,-0.1065,0.0172,16.3947,0.0262,16.8304,4.9671E-03,1.1965E-04,0.0004,-0.0000,-0.0000,54,0.9876,-9.0000,-9.0000,-9.0000,-9.0000,-9.0000,36.1536,0.1039,0.0000,-0.0002,1.0000,0.0045
2008ar,103,65,1,0.02617,0.00001,0.02732,0.00001,0.02849,0.00086,-342.80,250.00,0.03,-9.0,-9.0,-999.0,-999.0,-9.0,-9.00,10.31,0.20,1.12,-999.00,54535.1289,0.0718,0.0202,0.0521,-0.0383,0.0092,15.9459,0.0118,16.1438,7.5097E-03,8.1739E-05,0.0000,-0.0000,-0.0000,131,0.9759,-9.0000,-9.0000,-9.0000,-9.0000,-9.0000,35.4671,0.1046,0.0000,-0.0566,1.0000,0.0039
2008bz,143,65,1,0.06015,0.00001,0.06130,0.00001,0.06099,0.00089,88.72,250.00,0.02,-9.0,-9.0,-999.0,-999.0,-9.0,-9.00,10.47,0.10,1.16,-999.00,54579.5312,0.2469,-0.4168,0.1092,-0.1300,0.0111,17.6531,0.0155,18.0164,1.5587E-03,2.2212E-05,-0.0000,0.0000,-0.0000,81,0.3686,-9.0000,-9.0000,-9.0000,-9.0000,-9.0000,37.3396,0.0782,0.0000,-0.0065,1.0000,0.0021
2008cf,3,65,1,0.04603,0.00009,0.04692,0.00009,0.04682,0.00088,29.57,250.00,0.06,-9.0,-9.0,-999.0,-999.0,-9.0,-9.00,9.15,0.04,0.21,-999.00,54595.2734,0.3042,1.2180,0.1192,-0.1121,0.0111,16.7458,0.0169,17.2724,3.5949E-03,5.5949E-05,-0.0002,0.0000,-0.0000,72,0.9974,-9.0000,-9.0000,-9.0000,-9.0000,-9.0000,36.5956,0.0952,0.0000,0.0002,1.0000,0.0040
2008fr,19,65,1,0.03900,0.00200,0.03790,0.00200,0.03828,0.00218,-110.97,250.00,0.04,-9.0,-9.0,-999.0,-999.0,-9.0,-9.00,8.69,0.21,1.15,-999.00,54733.8242,0.2302,0.5961,0.0744,-0.0916,0.0102,16.5542,0.0174,16.9264,4.2886E-03,6.8880E-05,0.0001,-0.0000,-0.0000,136,0.9948,-9.0000,-9.0000,-9.0000,-9.0000,-9.0000,36.2496,0.1012,0.0000,-0.0093,1.0000,0.0047
2008gb,53,65,1,0.03700,0.00009,0.03641,0.00009,0.03796,0.00087,-447.19,250.00,0.17,-9.0,-9.0,-999.0,-999.0,-9.0,-9.00,10.39,0.04,0.90,-999.00,54747.0469,0.4957,0.0817,0.2262,-0.0048,0.0202,16.8026,0.0415,16.9183,3.4115E-03,1.3048E-04,0.0000,0.0000,-0.0000,44,0.9999,-9.0000,-9.0000,-9.0000,-9.0000,-9.0000,36.2415,0.1162,0.0000,-0.0687,1.0000,0.0060
2008gl,42,65,1,0.03354,0.00016,0.03246,0.00016,0.03272,0.00088,-75.15,250.00,0.02,-9.0,-9.0,-999.0,-999.0,-9.0,-9.00,10.80,0.03,1.65,-999.00,54768.6094,0.0955,-1.2917,0.0524,-0.0246,0.0098,16.5202,0.0108,16.4704,4.4253E-03,4.4188E-05,0.0000,-0.0000,-0.0000,124,1.0000,-9.0000,-9.0000,-9.0000,-9.0000,-9.0000,35.7936,0.1046,0.0000,-0.0627,1.0000,0.0047
2008gp,105,5,1,0.03303,0.00020,0.03245,0.00020,0.03333,0.00088,-257.67,250.00,0.10,-9.0,-9.0,-999.0,-999.0,-9.0,-9.00,10.64,0.05,1.19,-999.00,54779.7930,0.0737,-0.0753,0.0521,-0.0910,0.0125,16.1411,0.0231,16.4582,6.2742E-03,1.3364E-04,0.0000,-0.0000,-0.0000,95,0.9993,-9.0000,-9.0000,-9.0000,-9.0000,-9.0000,35.7814,0.0964,0.0000,-0.0266,1.0000,0.0030
2008hj,59,65,1,0.03761,0.00015,0.03643,0.00015,0.03682,0.00088,-111.99,250.00,0.03,-9.0,-9.0,-999.0,-999.0,-9.0,-9.00,10.20,0.06,0.92,-999.00,54802.3594,0.0812,0.3049,0.0698,-0.0586,0.0098,16.4977,0.0111,16.7934,4.5179E-03,4.6186E-05,0.0001,-0.0000,-0.0000,91,1.0000,-9.0000,-9.0000,-9.0000,-9.0000,-9.0000,36.1166,0.0936,0.0000,-0.0454,1.0000,0.0033
2009ad,104,65,1,0.02840,0.00000,0.02834,0.00000,0.02844,0.00086,-30.49,250.00,0.10,-9.0,-9.0,-999.0,-999.0,-9.0,-9.00,10.45,0.09,1.28,-999.00,54886.9531,0.0666,0.2486,0.0544,-0.0468,0.0103,15.8967,0.0213,16.1529,7.8583E-03,1.5435E-04,0.0001,-0.0000,-0.0000,126,0.9993,-9.0000,-9.0000,-9.0000,-9.0000,-9.0000,35.4761,0.1031,0.0000,-0.0514,1.0000,0.0035
2009bv,15,65,1,0.03667,0.00006,0.03748,0.00006,0.03848,0.00087,-287.73,250.00,0.01,-9.0,-9.0,-999.0,-999.0,-9.0,-9.00,10.37,0.10,0.87,-999.00,54927.4648,0.1256,0.5122,0.1270,-0.0733,0.0155,16.6309,0.0181,16.9935,3.9962E-03,6.6474E-05,0.0007,-0.0000,-0.0000,51,0.4881,-9.0000,-9.0000,-9.0000,-9.0000,-9.0000,36.3167,0.0962,0.0000,-0.0328,1.0000,0.0031
2009do,97,65,1,0.03964,0.00001,0.04027,0.00001,0.04099,0.00087,-206.58,250.00,0.01,-9.0,-9.0,-999.0,-999.0,-9.0,-9.00,10.73,0.20,1.43,-999.00,54946.2734,0.2812,-0.8132,0.1064,-0.0135,0.0157,16.8737,0.0210,16.8721,3.1954E-03,6.1784E-05,0.0002,0.0000,-0.0000,56,0.2317,-9.0000,-9.0000,-9.0000,-9.0000,-9.0000,36.1953,0.1052,0.0000,-0.0683,1.0000,0.0052
2010ag,139,66,1,0.03340,0.00002,0.03336,0.00002,0.03335,0.00086,3.24,250.00,0.03,-9.0,-9.0,-999.0,-999.0,-9.0,-9.00,10.57,0.13,1.25,-999.00,55271.2578,0.2790,0.8067,0.1441,0.1199,0.0171,16.4647,0.0234,16.3284,4.6571E-03,1.0044E-04,0.0007,-0.0000,-0.0000,39,0.4253,-9.0000,-9.0000,-9.0000,-9.0000,-9.0000,35.6516,0.1542,0.0000,-0.0891,1.0000,0.0163
2010dt,180,66,1,0.05286,0.00002,0.05291,0.00002,0.05316,0.00088,-69.12,250.00,0.03,-9.0,-9.0,-999.0,-999.0,-9.0,-9.00,10.69,0.22,1.12,-999.00,55361.6719,0.2076,0.0533,0.5694,-0.0839,0.0488,17.3605,0.0753,17.6810,2.0408E-03,1.4151E-04,0.0240,-0.0001,-0.0000,7,0.1996,-9.0000,-9.0000,-9.0000,-9.0000,-9.0000,37.0042,0.1047,0.0000,-0.0315,1.0000,0.0025
2010dw,158,66,1,0.03812,0.00015,0.03871,0.00015,0.03902,0.00088,-89.87,250.00,0.08,-9.0,-9.0,-999.0,-999.0,-9.0,-9.00,10.19,0.10,1.38,-999.00,55357.9453,0.4098,0.7317,0.1827,0.0864,0.0166,16.8913,0.0245,16.8424,3.1439E-03,7.0967E-05,-0.0000,0.0000,-0.0000,26,0.4476,-9.0000,-9.0000,-9.0000,-9.0000,-9.0000,36.1656,0.1433,0.0000,-0.0839,1.0000,0.0133
2016afk,0,150,1,0.04561,0.00001,0.04677,0.00001,0.04738,0.00087,-172.36,250.00,0.05,-9.0,-9.0,-999.0,-999.0,-9.0,-9.00,9.70,0.08,0.60,-999.00,57440.6797,0.3570,0.0035,0.2061,0.0733,0.0238,17.5140,0.0321,17.3136,1.7718E-03,5.2344E-05,0.0015,-0.0000,-0.0000,20,0.0743,-9.0000,-9.0000,-9.0000,-9.0000,-9.0000,36.6368,0.1472,0.0000,-0.0463,1.0000,0.0148
ASASSN-15bc,35,150,1,0.03672,0.00010,0.03639,0.00010,0.03753,0.00087,-330.40,250.00,0.04,-9.0,-9.0,-999.0,-999.0,-9.0,-9.00,10.16,0.04,0.73,-999.00,57048.0898,0.1934,0.6951,0.1950,0.0636,0.0186,16.8552,0.0236,16.8659,3.2503E-03,7.0512E-05,0.0015,-0.0000,-0.0000,21,0.7170,-9.0000,-9.0000,-9.0000,-9.0000,-9.0000,36.1891,0.1239,0.0000,-0.0784,1.0000,0.0085
ASASSN-15fa,53,150,1,0.02734,0.00001,0.02721,0.00001,0.02741,0.00086,-57.83,250.00,0.02,-9.0,-9.0,-999.0,-999.0,-9.0,-9.00,10.91,0.13,1.20,-999.00,57102.2266,0.3771,0.7406,0.1717,0.0835,0.0189,16.3086,0.0255,16.2655,5.3772E-03,1.2642E-04,0.0003,-0.0000,-0.0000,15,0.5900,-9.0000,-9.0000,-9.0000,-9.0000,-9.0000,35.5887,0.1401,0.0000,-0.0794,1.0000,0.0101
ASASSN-15hg,107,150,1,0.02992,0.00001,0.03107,0.00001,0.03143,0.00086,-105.01,250.00,0.04,-9.0,-9.0,-999.0,-999.0,-9.0,-9.00,10.39,0.08,1.48,-999.00,57131.7148,0.0211,-1.1986,0.1565,0.0239,0.0218,16.6273,0.0305,16.4534,4.0094E-03,1.1270E-04,-0.0001,-0.0000,-0.0000,16,0.5451,-9.0000,-9.0000,-9.0000,-9.0000,-9.0000,35.7766,0.1215,0.0000,-0.0748,1.0000,0.0051
ASASSN-15jl,141,150,1,0.03468,0.00001,0.03492,0.00001,0.03512,0.00086,-56.23,250.00,0.01,-9.0,-9.0,-999.0,-999.0,-9.0,-9.00,9.08,0.14,0.73,-999.00,57166.4336,0.2838,0.4298,0.1540,-0.0490,0.0180,16.4393,0.0213,16.6716,4.7675E-03,9.3613E-05,0.0006,-0.0000,-0.0000,25,0.1947,-9.0000,-9.0000,-9.0000,-9.0000,-9.0000,35.9948,0.0980,0.0000,-0.0290,1.0000,0.0025
ASASSN-15lu,54,150,1,0.03505,0.00001,0.03577,0.00001,0.03635,0.00086,-168.23,250.00,0.01,-9.0,-9.0,-999.0,-999.0,-9.0,-9.00,9.98,0.11,0.90,-999.00,57199.3828,0.3772,-0.4094,0.2249,-0.0222,0.0211,16.7720,0.0263,16.7970,3.5092E-03,8.4944E-05,0.0006,0.0000,-0.0000,16,0.0076,-9.0000,-9.0000,-9.0000,-9.0000,-9.0000,36.1202,0.1114,0.0000,-0.0403,1.0000,0.0044
ASASSN-15mf,72,150,1,0.02604,0.00001,0.02691,0.00001,0.02695,0.00086,-14.01,250.00,0.03,-9.0,-9.0,-999.0,-999.0,-9.0,-9.00,11.00,0.41,1.59,-999.00,57212.1094,0.3996,-0.7022,0.2394,-0.0236,0.0221,15.9695,0.0270,16.0053,7.3484E-03,1.8281E-04,0.0011,-0.0000,-0.0000,11,0.1983,-9.0000,-9.0000,-9.0000,-9.0000,-9.0000,35.3285,0.1106,0.0000,-0.0565,1.0000,0.0020
ASASSN-15mg,90,150,1,0.04278,0.00001,0.04307,0.00001,0.04408,0.00087,-289.80,250.00,0.03,-9.0,-9.0,-999.0,-999.0,-9.0,-9.00,10.14,0.16,1.12,-999.00,57218.1562,0.1899,-1.2812,0.1558,-0.0355,0.0238,17.2313,0.0286,17.2127,2.2987E-03,6.0582E-05,0.0002,-0.0000,-0.0000,18,0.3945,-9.0000,-9.0000,-9.0000,-9.0000,-9.0000,36.5359,0.0938,0.0000,-0.0581,1.0000,0.0010
ASASSN-15np,125,150,1,0.03768,0.00005,0.03832,0.00005,0.03884,0.00087,-150.20,250.00,0.03,-9.0,-9.0,-999.0,-999.0,-9.0,-9.00,10.17,0.31,1.48,-999.00,57241.5938,0.6305,-0.8080,0.2112,0.0640,0.0222,17.0709,0.0303,16.8459,2.6646E-03,7.4377E-05,-0.0003,0.0000,-0.0000,11,0.6230,-9.0000,-9.0000,-9.0000,-9.0000,-9.0000,36.1692,0.1293,0.0000,-0.0859,1.0000,0.0085
ASASSN-15nq,142,150,1,0.03036,0.00001,0.03025,0.00001,0.03023,0.00086,4.04,250.00,0.04,-9.0,-9.0,-999.0,-999.0,-9.0,-9.00,10.40,0.16,1.67,-999.00,57247.7578,0.2002,0.0004,0.1980,-0.0678,0.0223,16.1247,0.0292,16.3934,6.3695E-03,1.7144E-04,0.0016,-0.0000,-0.0000,14,0.1944,-9.0000,-9.0000,-9.0000,-9.0000,-9.0000,35.7166,0.0972,0.0000,-0.0386,1.0000,0.0008
ASASSN-15pm,37,150,1,0.04879,0.00015,0.04777,0.00015,0.04837,0.00089,-170.03,250.00,0.03,-9.0,-9.0,-999.0,-999.0,-9.0,-9.00,10.67,0.24,1.12,-999.00,57277.9219,0.3431,0.5897,0.1761,-0.0902,0.0204,16.9656,0.0271,17.3854,2.9360E-03,7.3290E-05,0.0004,-0.0000,-0.0000,25,0.4469,-9.0000,-9.0000,-9.0000,-9.0000,-9.0000,36.7086,0.0825,0.0000,-0.0251,0.9030,0.0000
ASASSN-15pn,55,150,1,0.03836,0.00000,0.03800,0.00000,0.03909,0.00087,-314.40,250.00,0.08,-9.0,-9.0,-999.0,-999.0,-9.0,-9.00,9.37,0.08,0.77,-999.00,57279.7891,0.2047,0.4969,0.1357,-0.0447,0.0206,16.8731,0.0304,17.1037,3.1971E-03,8.9427E-05,-0.0006,-0.0000,-0.0000,30,0.0845,-9.0000,-9.0000,-9.0000,-9.0000,-9.0000,36.4269,0.1023,0.0000,-0.0302,1.0000,0.0026
ASASSN-15pr,73,150,1,0.03309,0.00015,0.03189,0.00015,0.03264,0.00087,-217.89,250.00,0.03,-9.0,-9.0,-999.0,-999.0,-9.0,-9.00,9.72,0.15,0.81,-999.00,57283.4883,0.0392,-0.5048,0.2283,-0.0296,0.0277,16.6954,0.0482,16.7237,3.7657E-03,1.6702E-04,0.0003,-0.0000,-0.0000,14,0.1890,-9.0000,-9.0000,-9.0000,-9.0000,-9.0000,36.0469,0.1284,0.0000,-0.0361,1.0000,0.0037
ASASSN-15ss,126,150,1,0.03556,0.00012,0.03592,0.00012,0.03599,0.00087,-19.52,250.00,0.20,-9.0,-9.0,-999.0,-999.0,-9.0,-9.00,10.77,0.04,1.05,-999.00,57338.3594,0.6057,0.9709,0.2249,-0.0917,0.0283,16.3568,0.0578,16.8377,5.1437E-03,2.7391E-04,0.0003,0.0000,-0.0000,14,0.8361,-9.0000,-9.0000,-9.0000,-9.0000,-9.0000,36.1609,0.0950,0.0000,-0.0202,0.9860,0.0000
ASASSN-15tg,143,150,1,0.03561,0.00006,0.03445,0.00006,0.03529,0.00086,-241.33,250.00,0.02,-9.0,-9.0,-999.0,-999.0,-9.0,-9.00,10.07,0.14,1.31,-999.00,57362.0586,0.4277,1.2668,0.2177,-0.0605,0.0214,16.2297,0.0257,16.6752,5.7826E-03,1.3697E-04,0.0009,-0.0000,-0.0000,13,0.1593,-9.0000,-9.0000,-9.0000,-9.0000,-9.0000,35.9985,0.0947,0.0000,-0.0344,1.0000,0.0008
ASASSN-16aj,92,150,1,0.03075,0.00008,0.03053,0.00008,0.02953,0.00086,289.93,250.00,0.03,-9.0,-9.0,-999.0,-999.0,-9.0,-9.00,10.65,0.08,1.55,-999.00,57402.1406,0.3720,-1.8160,0.1789,0.0072,0.0241,16.4345,0.0330,16.2107,4.7887E-03,1.4554E-04,-0.0000,0.0000,-0.0000,25,0.9042,-9.0000,-9.0000,-9.0000,-9.0000,-9.0000,35.5339,0.1156,0.0000,-0.0721,1.0000,0.0039
ASASSN-16ay,127,150,1,0.02834,0.00001,0.02895,0.00001,0.02938,0.00086,-124.58,250.00,0.06,-9.0,-9.0,-999.0,-999.0,-9.0,-9.00,10.48,0.04,1.21,-999.00,57416.7578,0.4532,1.0355,0.1495,0.2270,0.0199,16.7753,0.0306,16.3265,3.4984E-03,9.8620E-05,-0.0002,0.0000,-0.0000,14,0.7670,-9.0000,-9.0000,-9.0000,-9.0000,-9.0000,35.6497,0.1632,0.0000,-0.0735,1.0000,0.0172
ASASSN-16bc,144,150,1,0.03194,0.00015,0.03314,0.00015,0.03298,0.00087,45.27,250.00,0.05,-9.0,-9.0,-999.0,-999.0,-9.0,-9.00,10.49,0.12,1.18,-999.00,57430.1562,0.1668,1.0149,0.1779,-0.1350,0.0208,15.9210,0.0277,16.5164,7.6842E-03,1.9591E-04,0.0008,-0.0000,-0.0000,18,0.0618,-9.0000,-9.0000,-9.0000,-9.0000,-9.0000,35.8396,0.0917,0.0000,0.0074,0.9430,0.0000
ASASSN-16bq,162,150,1,0.02493,0.00001,0.02582,0.00001,0.02534,0.00086,141.16,250.00,0.03,-9.0,-9.0,-999.0,-999.0,-9.0,-9.00,10.62,0.03,1.59,-999.00,57437.9453,0.1951,-1.6681,0.1158,-0.0429,0.0239,16.0620,0.0308,15.9962,6.7482E-03,1.9159E-04,0.0000,-0.0000,-0.0000,30,0.8656,-9.0000,-9.0000,-9.0000,-9.0000,-9.0000,35.3194,0.1090,0.0000,-0.0501,1.0000,0.0011
ASASSN-16br,4,150,1,0.02852,0.00015,0.02900,0.00015,0.02956,0.00087,-162.18,250.00,0.14,-9.0,-9.0,-999.0,-999.0,-9.0,-9.00,9.92,0.02,0.92,-999.00,57439.7227,0.1484,0.9122,0.1189,-0.0354,0.0205,16.0067,0.0359,16.2726,7.1009E-03,2.3453E-04,0.0001,-0.0000,-0.0000,21,0.7106,-9.0000,-9.0000,-9.0000,-9.0000,-9.0000,35.5958,0.1093,0.0000,-0.0276,1.0000,0.0031
ASASSN-16ct,57,150,1,0.04191,0.00004,0.04252,0.00004,0.04306,0.00087,-155.75,250.00,0.05,-9.0,-9.0,-999.0,-999.0,-9.0,-9.00,9.13,0.09,1.06,-999.00,57459.7773,0.5800,1.3841,0.2073,0.0268,0.0207,16.8288,0.0276,16.9762,3.3302E-03,8.4731E-05,-0.0003,0.0000,-0.0000,22,0.0191,-9.0000,-9.0000,-9.0000,-9.0000,-9.0000,36.2995,0.1295,0.0000,-0.0270,1.0000,0.0089
ASASSN-16db,75,150,1,0.03486,0.00001,0.03589,0.00001,0.03730,0.00086,-408.93,250.00,0.02,-9.0,-9.0,-999.0,-999.0,-9.0,-9.00,10.82,0.08,1.21,-999.00,57465.1758,0.2981,-0.5830,0.1149,0.0559,0.0218,16.8438,0.0290,16.6764,3.2846E-03,8.7800E-05,-0.0000,-0.0000,-0.0000,24,0.0072,-9.0000,-9.0000,-9.0000,-9.0000,-9.0000,35.9996,0.1245,0.0000,-0.0819,1.0000,0.0078
ASASSN-16dw,110,150,1,0.03466,0.00015,0.03565,0.00015,0.03437,0.00088,371.74,250.00,0.05,-9.0,-9.0,-999.0,-999.0,-9.0,-9.00,10.24,0.07,1.28,-999.00,57482.8867,0.4065,-0.1479,0.1592,0.0759,0.0199,16.7036,0.0277,16.5395,3.7374E-03,9.5338E-05,0.0000,0.0000,-0.0000,21,0.1069,-9.0000,-9.0000,-9.0000,-9.0000,-9.0000,35.8627,0.1321,0.0000,-0.0778,1.0000,0.0096
ASASSN-16fo,145,150,1,0.02890,0.00021,0.02994,0.00021,0.03036,0.00088,-122.18,250.00,0.03,-9.0,-9.0,-999.0,-999.0,-9.0,-9.00,10.09,0.11,1.51,-999.00,57539.9805,0.4594,0.7838,0.2261,-0.0925,0.0205,15.8521,0.0260,16.3074,8.1878E-03,1.9613E-04,0.0006,-0.0000,-0.0000,14,0.8091,-9.0000,-9.0000,-9.0000,-9.0000,-9.0000,35.6306,0.0999,0.0000,-0.0221,0.9920,0.0000
ASASSN-16fs,163,150,1,0.02920,0.00001,0.02990,0.00001,0.02944,0.00086,135.19,250.00,0.03,-9.0,-9.0,-999.0,-999.0,-9.0,-9.00,10.94,0.07,1.59,-999.00,57542.3594,0.4582,-1.2466,0.1547,-0.0316,0.0239,16.1560,0.0348,16.1298,6.1886E-03,1.9819E-04,-0.0003,0.0000,-0.0000,14,0.3593,-9.0000,-9.0000,-9.0000,-9.0000,-9.0000,35.4530,0.1064,0.0000,-0.0570,1.0000,0.0015
ASASSN-16hc,5,150,1,0.05093,0.00001,0.05165,0.00001,0.05151,0.00088,40.68,250.00,0.01,-9.0,-9.0,-999.0,-999.0,-9.0,-9.00,11.00,0.29,1.38,-999.00,57582.1758,0.5220,1.5371,0.3046,-0.0818,0.0218,16.9503,0.0264,17.4940,2.9777E-03,7.2414E-05,0.0016,-0.0000,-0.0000,13,0.0968,-9.0000,-9.0000,-9.0000,-9.0000,-9.0000,36.8172,0.0853,0.0000,-0.0226,0.8900,0.0000
ASASSN-16hr,22,150,1,0.03086,0.00001,0.02980,0.00001,0.03083,0.00086,-300.27,250.00,0.11,-9.0,-9.0,-999.0,-999.0,-9.0,-9.00,9.89,0.20,0.81,-999.00,57596.8945,0.5835,1.2744,0.2079,0.0499,0.0210,16.2994,0.0384,16.3498,5.4233E-03,1.9157E-04,0.0004,-0.0000,-0.0000,12,0.6605,-9.0000,-9.0000,-9.0000,-9.0000,-9.0000,35.6730,0.1484,0.0000,-0.0199,1.0000,0.0120
ASASSN-16oz,129,150,1,0.03100,0.00200,0.03207,0.00200,0.03192,0.00218,42.87,250.00,0.05,-9.0,-9.0,-999.0,-999.0,-9.0,-9.00,8.29,0.43,0.66,-999.00,57749.9766,0.2994,1.4501,0.1997,-0.0446,0.0207,15.9146,0.0260,16.2899,7.7295E-03,1.8505E-04,0.0008,-0.0000,-0.0000,13,0.6835,-9.0000,-9.0000,-9.0000,-9.0000,-9.0000,35.6131,0.1072,0.0000,-0.0217,1.0000,0.0026
ASASSN-17at,164,150,1,0.02537,0.00001,0.02643,0.00001,0.02713,0.00086,-204.19,250.00,0.02,-9.0,-9.0,-999.0,-999.0,-9.0,-9.00,10.36,0.18,1.19,-999.00,57777.3242,0.3375,-1.5940,0.1620,-0.0143,0.0203,16.1624,0.0249,16.0310,6.1520E-03,1.4134E-04,-0.0000,0.0000,-0.0000,19,0.7702,-9.0000,-9.0000,-9.0000,-9.0000,-9.0000,35.3542,0.1115,0.0000,-0.0615,1.0000,0.0026
ASASSN-17eb,41,150,1,0.04924,0.00001,0.04970,0.00001,0.05044,0.00088,-213.56,250.00,0.04,-9.0,-9.0,-999.0,-999.0,-9.0,-9.00,10.89,0.08,1.58,-999.00,57836.7891,0.6727,-1.1897,0.1858,0.0553,0.0259,17.5252,0.0467,17.2680,1.7536E-03,7.5352E-05,-0.0005,0.0000,-0.0000,8,0.5537,-9.0000,-9.0000,-9.0000,-9.0000,-9.0000,36.5913,0.1235,0.0000,-0.0880,1.0000,0.0067
AT2016aj,59,150,1,0.06741,0.00005,0.06731,0.00005,0.06725,0.00089,17.26,250.00,0.04,-9.0,-9.0,-999.0,-999.0,-9.0,-9.00,10.88,0.24,1.44,-999.00,57442.6992,0.5372,-0.8921,0.3292,0.0019,0.0307,18.1172,0.0400,18.0609,1.0165E-03,3.7437E-05,0.0015,-0.0000,-0.0000,14,0.5240,-9.0000,-9.0000,-9.0000,-9.0000,-9.0000,37.3841,0.1069,0.0000,-0.0744,1.0000,0.0018
AT2016cor,95,150,1,0.04954,0.00003,0.04995,0.00003,0.05066,0.00088,-201.72,250.00,0.03,-9.0,-9.0,-999.0,-999.0,-9.0,-9.00,9.97,0.04,0.83,-999.00,57541.4336,0.3434,-0.2973,0.2328,0.1980,0.0221,18.1306,0.0278,17.4531,1.0040E-03,2.5677E-05,0.0008,-0.0000,-0.0000,23,0.0031,-9.0000,-9.0000,-9.0000,-9.0000,-9.0000,36.7763,0.1820,0.0000,-0.0063,1.0000,0.0253
AT2016cvv,112,150,1,0.04457,0.00040,0.04404,0.00040,0.04438,0.00096,-97.44,250.00,0.09,-9.0,-9.0,-999.0,-999.0,-9.0,-9.00,11.23,0.36,1.57,-999.00,57558.8633,0.5582,1.0255,0.1454,0.0720,0.0225,17.2078,0.0384,17.2500,2.3491E-03,8.3057E-05,0.0000,-0.0000,-0.0000,19,0.0367,-9.0000,-9.0000,-9.0000,-9.0000,-9.0000,36.5732,0.1278,0.0000,-0.0830,1.0000,0.0087
AT2016cvw,130,150,1,0.03888,0.00009,0.03761,0.00009,0.03787,0.00087,-75.03,250.00,0.07,-9.0,-9.0,-999.0,-999.0,-9.0,-9.00,10.88,0.06,1.62,-999.00,57559.7930,0.5319,-1.4641,0.1923,-0.0349,0.0255,17.0114,0.0434,16.9596,2.8147E-03,1.1261E-04,0.0011,-0.0000,-0.0000,22,0.0129,-9.0000,-9.0000,-9.0000,-9.0000,-9.0000,36.2828,0.0996,0.0000,-0.0560,1.0000,0.0012
AT2016cyt,147,150,1,0.03074,0.00009,0.02965,0.00009,0.03059,0.00086,-274.78,250.00,0.07,-9.0,-9.0,-999.0,-999.0,-9.0,-9.00,10.92,0.24,1.45,-999.00,57580.8633,0.1265,-1.8049,0.1244,-0.0794,0.0204,16.1468,0.0261,16.1577,6.2413E-03,1.4981E-04,0.0003,-0.0000,-0.0000,39,0.8227,-9.0000,-9.0000,-9.0000,-9.0000,-9.0000,35.4809,0.0960,0.0000,-0.0349,1.0000,0.0007
AT2016ews,7,150,1,0.04555,0.00001,0.04612,0.00001,0.04631,0.00087,-54.41,250.00,0.04,-9.0,-9.0,-999.0,-999.0,-9.0,-9.00,10.68,0.20,1.16,-999.00,57619.9844,0.1929,0.9476,0.2085,-0.1548,0.0238,16.7435,0.0316,17.3786,3.6025E-03,1.0475E-04,0.0016,-0.0000,-0.0000,12,0.0159,-9.0000,-9.0000,-9.0000,-9.0000,-9.0000,36.7018,0.0800,0.0000,0.0188,0.8630,0.0000
AT2016gmg,42,150,1,0.04944,0.00011,0.04839,0.00011,0.04865,0.00088,-72.71,250.00,0.12,-9.0,-9.0,-999.0,-999.0,-9.0,-9.00,11.19,0.36,1.63,-999.00,57662.6211,0.2334,-1.7758,0.2460,-0.0639,0.0298,17.5048,0.0423,17.4852,1.7868E-03,6.9558E-05,0.0013,-0.0000,-0.0000,14,0.0249,-9.0000,-9.0000,-9.0000,-9.0000,-9.0000,36.8084,0.0986,0.0000,-0.0482,0.9290,0.0000
AT2016gsu,60,150,1,0.07642,0.00006,0.07529,0.00006,0.07575,0.00090,-129.56,250.00,0.04,-9.0,-9.0,-999.0,-999.0,-9.0,-9.00,10.07,0.08,0.86,-999.00,57670.5078,0.6200,-0.8340,0.2807,0.0079,0.0337,18.4011,0.0472,18.3362,7.8262E-04,3.4028E-05,-0.0001,0.0000,-0.0000,18,0.0471,-9.0000,-9.0000,-9.0000,-9.0000,-9.0000,37.6594,0.1083,0.0000,-0.0750,1.0000,0.0016
AT2016hns,78,150,1,0.03817,0.00006,0.03704,0.00006,0.03740,0.00087,-105.31,250.00,0.06,-9.0,-9.0,-999.0,-999.0,-9.0,-9.00,10.42,0.11,0.89,-999.00,57697.6484,0.2745,-1.2315,0.1967,-0.0932,0.0228,16.6484,0.0275,16.7842,3.9321E-03,9.9424E-05,0.0000,-0.0000,-0.0000,11,0.0377,-9.0000,-9.0000,-9.0000,-9.0000,-9.0000,36.1074,0.0966,0.0000,-0.0246,0.9820,0.0000
AT2016htm,96,150,1,0.04332,0.00015,0.04265,0.00015,0.04289,0.00088,-67.49,250.00,0.01,-9.0,-9.0,-999.0,-999.0,-9.0,-9.00,10.14,0.15,0.82,-999.00,57702.6406,0.1486,0.0363,0.1922,-0.0690,0.0191,16.8626,0.0229,17.1418,3.2283E-03,6.8006E-05,0.0008,-0.0000,-0.0000,21,0.1496,-9.0000,-9.0000,-9.0000,-9.0000,-9.0000,36.4650,0.0847,0.0000,-0.0394,0.9780,0.0000
AT2016htn,113,150,1,0.05312,0.00015,0.05229,0.00015,0.05222,0.00089,20.94,250.00,0.02,-9.0,-9.0,-999.0,-999.0,-9.0,-9.00,10.49,0.03,1.09,-999.00,57701.7500,0.3195,0.0160,0.2871,0.0781,0.0239,17.7899,0.0299,17.6557,1.3741E-03,3.7828E-05,0.0027,-0.0000,-0.0000,15,0.5339,-9.0000,-9.0000,-9.0000,-9.0000,-9.0000,36.9789,0.1233,0.0000,-0.0879,1.0000,0.0083
AT2017cfc,148,150,1,0.02403,0.00016,0.02499,0.00016,0.02512,0.00087,-39.47,250.00,0.04,-9.0,-9.0,-999.0,-999.0,-9.0,-9.00,10.38,0.14,1.65,-999.00,57837.7422,0.1421,-0.7461,0.1119,0.0350,0.0185,15.9331,0.0221,15.8021,7.5989E-03,1.5435E-04,0.0001,-0.0000,-0.0000,17,0.8923,-9.0000,-9.0000,-9.0000,-9.0000,-9.0000,35.1253,0.1269,0.0000,-0.0793,1.0000,0.0060
AT2017lm,8,150,1,0.03064,0.00006,0.03002,0.00006,0.03031,0.00086,-83.30,250.00,0.06,-9.0,-9.0,-999.0,-999.0,-9.0,-9.00,9.81,0.10,0.75,-999.00,57779.2773,0.5029,0.9634,0.2717,-0.0064,0.0239,16.1526,0.0296,16.3381,6.2081E-03,1.6927E-04,0.0016,-0.0000,-0.0000,8,0.6236,-9.0000,-9.0000,-9.0000,-9.0000,-9.0000,35.6613,0.1253,0.0000,-0.0295,1.0000,0.0058
AT2017ns,25,150,1,0.02877,0.00040,0.02802,0.00040,0.02849,0.00094,-138.08,250.00,0.09,-9.0,-9.0,-999.0,-999.0,-9.0,-9.00,10.07,0.08,1.28,-999.00,57784.5469,0.2281,-0.8503,0.2333,0.2240,0.0273,16.8298,0.0394,16.0961,3.3271E-03,1.2083E-04,0.0028,-0.0000,-0.0000,10,0.3451,-9.0000,-9.0000,-9.0000,-9.0000,-9.0000,35.4194,0.1655,0.0000,-0.0828,1.0000,0.0172
AT2017oz,43,150,1,0.05569,0.00001,0.05641,0.00001,0.05614,0.00088,78.86,250.00,0.01,-9.0,-9.0,-999.0,-999.0,-9.0,-9.00,9.82,0.24,1.06,-999.00,57788.1992,0.3765,0.1065,0.3069,-0.0353,0.0254,17.5231,0.0309,17.6704,1.7569E-03,5.0045E-05,0.0024,-0.0000,-0.0000,11,0.0504,-9.0000,-9.0000,-9.0000,-9.0000,-9.0000,36.9936,0.1032,0.0000,-0.0388,1.0000,0.0026
AT2017po,61,150,1,0.03182,0.00001,0.03201,0.00001,0.03255,0.00086,-156.24,250.00,0.01,-9.0,-9.0,-999.0,-999.0,-9.0,-9.00,10.87,0.05,1.54,-999.00,57784.6641,0.7408,0.1007,0.2407,-0.0724,0.0232,16.1308,0.0387,16.4278,6.3343E-03,2.2581E-04,-0.0027,0.0000,-0.0000,19,0.0179,-9.0000,-9.0000,-9.0000,-9.0000,-9.0000,35.7510,0.1058,0.0000,-0.0362,1.0000,0.0007
AT2017wb,79,150,1,0.03065,0.00008,0.03093,0.00008,0.03117,0.00086,-70.02,250.00,0.02,-9.0,-9.0,-999.0,-999.0,-9.0,-9.00,9.44,0.05,0.86,-999.00,57790.2461,0.1959,1.3367,0.1202,0.0726,0.0177,16.3623,0.0222,16.3425,5.1178E-03,1.0442E-04,0.0001,-0.0000,-0.0000,31,0.5581,-9.0000,-9.0000,-9.0000,-9.0000,-9.0000,35.6657,0.1541,0.0000,-0.0102,1.0000,0.0153
AT2017yk,97,150,1,0.04644,0.00015,0.04764,0.00015,0.04691,0.00089,207.29,250.00,0.03,-9.0,-9.0,-999.0,-999.0,-9.0,-9.00,10.31,0.12,1.12,-999.00,57789.1914,0.3695,-0.7236,0.1682,0.2053,0.0261,17.9937,0.0358,17.3722,1.1390E-03,3.7538E-05,0.0004,-0.0000,-0.0000,16,0.2413,-9.0000,-9.0000,-9.0000,-9.0000,-9.0000,36.6954,0.1542,0.0000,-0.1164,1.0000,0.0157
AT2017zd,114,150,1,0.02947,0.00015,0.03048,0.00015,0.02969,0.00087,230.52,250.00,0.07,-9.0,-9.0,-999.0,-999.0,-9.0,-9.00,9.97,0.06,1.42,-999.00,57793.1797,0.1501,0.4736,0.1354,-0.0313,0.0203,15.9028,0.0287,16.0902,7.8144E-03,2.0633E-04,-0.0001,-0.0000,-0.0000,19,0.1810,-9.0000,-9.0000,-9.0000,-9.0000,-9.0000,35.4134,0.1135,0.0000,-0.0325,1.0000,0.0035
ATLAS16agv,132,150,1,0.04779,0.00017,0.04777,0.00017,0.04819,0.00089,-119.84,250.00,0.02,-9.0,-9.0,-999.0,-999.0,-9.0,-9.00,8.72,0.62,2.11,-999.00,57470.2617,0.0133,1.4313,0.2140,-0.0614,0.0201,16.8641,0.0246,17.2799,3.2236E-03,7.2926E-05,0.0008,-0.0000,-0.0000,17,0.4109,-9.0000,-9.0000,-9.0000,-9.0000,-9.0000,36.6031,0.0940,0.0000,-0.0127,1.0000,0.0019
ATLAS16bwu,149,150,1,0.07180,0.00006,0.07074,0.00006,0.07091,0.00089,-47.78,250.00,0.02,-9.0,-9.0,-999.0,-999.0,-9.0,-9.00,9.89,0.09,0.96,-999.00,57609.2969,0.4953,0.1080,0.2635,0.0989,0.0278,18.2476,0.0378,17.9950,9.0147E-04,3.1377E-05,0.0017,-0.0000,-0.0000,14,0.0065,-9.0000,-9.0000,-9.0000,-9.0000,-9.0000,37.3182,0.1478,0.0000,-0.0572,1.0000,0.0140
ATLAS17ajn,62,150,1,0.02871,0.00003,0.02988,0.00003,0.02978,0.00086,28.51,250.00,0.06,-9.0,-9.0,-999.0,-999.0,-9.0,-9.00,10.20,0.10,1.15,-999.00,57777.3125,0.6504,-1.9270,0.1626,-0.0860,0.0272,16.3376,0.0571,16.3448,5.2354E-03,2.7556E-04,-0.0003,0.0000,-0.0000,14,0.8057,-9.0000,-9.0000,-9.0000,-9.0000,-9.0000,35.6680,0.1108,0.0000,-0.0305,1.0000,0.0006
ATLAS17ajs,80,150,1,0.03265,0.00001,0.03370,0.00001,0.03451,0.00086,-232.65,250.00,0.02,-9.0,-9.0,-999.0,-999.0,-9.0,-9.00,9.79,0.09,0.60,-999.00,57782.3945,0.7464,1.3734,0.2289,0.1744,0.0202,17.0715,0.0288,16.6911,2.6632E-03,7.0560E-05,-0.0001,0.0000,-0.0000,23,0.6162,-9.0000,-9.0000,-9.0000,-9.0000,-9.0000,36.0143,0.1835,0.0000,0.0387,1.0000,0.0247
ATLAS17axb,98,150,1,0.03165,0.00010,0.03264,0.00010,0.03143,0.00087,351.47,250.00,0.09,-9.0,-9.0,-999.0,-999.0,-9.0,-9.00,9.78,0.07,1.33,-999.00,57796.7695,0.3252,0.0594,0.1433,-0.1089,0.0220,16.0899,0.0331,16.4270,6.5771E-03,2.0055E-04,-0.0003,-0.0000,-0.0000,15,0.3475,-9.0000,-9.0000,-9.0000,-9.0000,-9.0000,35.7502,0.1040,0.0000,-0.0067,1.0000,0.0016
CSS160129,133,150,1,0.06766,0.00100,0.06841,0.00100,0.06844,0.00134,-8.76,250.00,0.03,-9.0,-9.0,-999.0,-999.0,-9.0,-9.00,9.21,0.24,2.29,-999.00,57415.7578,0.8693,0.8566,0.2287,-0.1595,0.0276,17.4951,0.0488,18.0786,1.8029E-03,8.0963E-05,-0.0020,0.0000,-0.0000,17,0.9029,-9.0000,-9.0000,-9.0000,-9.0000,-9.0000,37.4018,0.0862,0.0000,0.0327,0.8420,0.0000
CSS160428,150,150,1,0.03029,0.00015,0.03081,0.00015,0.03148,0.00087,-196.00,250.00,0.01,-9.0,-9.0,-999.0,-999.0,-9.0,-9.00,8.18,0.23,1.25,-999.00,57517.5938,0.3364,1.0345,0.1819,-0.0379,0.0192,16.1877,0.0234,16.4803,6.0109E-03,1.2961E-04,0.0006,-0.0000,-0.0000,17,0.8483,-9.0000,-9.0000,-9.0000,-9.0000,-9.0000,35.8035,0.1054,0.0000,-0.0267,1.0000,0.0029
Gaia16acv,168,150,1,0.07772,0.00010,0.07833,0.00010,0.07859,0.00090,-72.08,250.00,0.01,-9.0,-9.0,-999.0,-999.0,-9.0,-9.00,8.59,0.18,-0.36,-999.00,57435.5547,0.5262,0.4420,0.3201,-0.1537,0.0279,18.1292,0.0362,18.6430,1.0053E-03,3.3517E-05,0.0032,-0.0000,-0.0000,21,0.1868,-9.0000,-9.0000,-9.0000,-9.0000,-9.0000,37.9662,0.0762,0.0000,0.0179,0.7790,0.0000
Gaia16agf,10,150,1,0.02507,0.00002,0.02553,0.00002,0.02509,0.00086,130.45,250.00,0.06,-9.0,-9.0,-999.0,-999.0,-9.0,-9.00,9.18,0.06,0.84,-999.00,57456.1836,0.1419,1.2793,0.1257,0.0550,0.0190,15.9700,0.0249,16.0010,7.3452E-03,1.6814E-04,0.0000,-0.0000,-0.0000,21,0.1100,-9.0000,-9.0000,-9.0000,-9.0000,-9.0000,35.3242,0.1528,0.0000,-0.0153,1.0000,0.0127
Gaia16aki,27,150,1,0.07363,0.00001,0.07398,0.00001,0.07393,0.00090,15.30,250.00,0.04,-9.0,-9.0,-999.0,-999.0,-9.0,-9.00,9.88,0.20,0.58,-999.00,57490.8086,0.6262,0.8518,0.2297,-0.0644,0.0245,18.0329,0.0343,18.3744,1.0986E-03,3.4660E-05,-0.0001,-0.0000,-0.0000,32,0.0752,-9.0000,-9.0000,-9.0000,-9.0000,-9.0000,37.6976,0.0913,0.0000,-0.0224,0.9370,0.0000
Gaia16bba,45,150,1,0.03046,0.00009,0.02934,0.00009,0.02990,0.00086,-161.22,250.00,0.04,-9.0,-9.0,-999.0,-999.0,-9.0,-9.00,8.45,0.40,0.74,-999.00,57625.8164,0.7652,0.3842,0.2031,-0.0422,0.0254,16.0131,0.0503,16.2181,7.0590E-03,3.2727E-04,-0.0011,0.0000,-0.0000,8,0.9135,-9.0000,-9.0000,-9.0000,-9.0000,-9.0000,35.5414,0.1113,0.0000,-0.0304,1.0000,0.0027
MASTERJ0134,99,150,1,0.04485,0.00004,0.04391,0.00004,0.04369,0.00087,60.65,250.00,0.02,-9.0,-9.0,-999.0,-999.0,-9.0,-9.00,9.52,0.07,0.92,-999.00,57664.7539,0.6715,0.7454,0.2073,-0.0734,0.0279,16.7451,0.0533,17.0916,3.5972E-03,1.7653E-04,0.0000,0.0000,-0.0000,14,0.9242,-9.0000,-9.0000,-9.0000,-9.0000,-9.0000,36.4148,0.0994,0.0000,-0.0167,1.0000,0.0019
PS15ahs,169,150,1,0.02551,0.00004,0.02522,0.00004,0.02534,0.00086,-36.77,250.00,0.03,-9.0,-9.0,-999.0,-999.0,-9.0,-9.00,9.76,0.07,0.71,-999.00,57156.7461,0.1078,0.2117,0.1035,-0.0770,0.0179,15.7160,0.0219,15.9872,9.2809E-03,1.8763E-04,-0.0001,-0.0000,-0.0000,34,0.7744,-9.0000,-9.0000,-9.0000,-9.0000,-9.0000,35.3104,0.1097,0.0000,-0.0157,1.0000,0.0021
PS15aii,11,150,1,0.04655,0.00001,0.04768,0.00001,0.04777,0.00087,-26.35,250.00,0.02,-9.0,-9.0,-999.0,-999.0,-9.0,-9.00,10.55,0.07,0.78,-999.00,57159.5000,0.1364,0.3680,0.1282,-0.0486,0.0190,17.1317,0.0234,17.4108,2.5196E-03,5.4234E-05,0.0002,-0.0000,-0.0000,24,0.1196,-9.0000,-9.0000,-9.0000,-9.0000,-9.0000,36.7340,0.0821,0.0000,-0.0497,0.9520,0.0000
PS15asb,28,150,1,0.04863,0.00033,0.04952,0.00033,0.04989,0.00094,-107.07,250.00,0.05,-9.0,-9.0,-999.0,-999.0,-9.0,-9.00,10.10,0.01,2.29,-999.00,57194.3555,0.4799,-1.2010,0.2454,-0.0102,0.0246,17.4169,0.0336,17.3438,1.9374E-03,6.0019E-05,0.0012,-0.0000,-0.0000,15,0.2030,-9.0000,-9.0000,-9.0000,-9.0000,-9.0000,36.6670,0.0970,0.0000,-0.0696,1.0000,0.0022
PS15atx,46,150,1,0.07188,0.00027,0.07301,0.00027,0.07252,0.00093,136.36,250.00,0.11,-9.0,-9.0,-999.0,-999.0,-9.0,-9.00,10.51,0.16,1.08,-999.00,57192.5898,0.8614,-1.3058,0.6227,-0.1480,0.0479,18.1855,0.0621,18.4513,9.5452E-04,5.4558E-05,0.0096,-0.0000,-0.0000,13,0.0454,-9.0000,-9.0000,-9.0000,-9.0000,-9.0000,37.7745,0.1128,0.0000,0.0044,0.6970,0.0000
PS15bdr,82,150,1,0.07096,0.00001,0.07094,0.00001,0.07116,0.00089,-60.54,250.00,0.01,-9.0,-9.0,-999.0,-999.0,-9.0,-9.00,10.55,0.09,1.66,-999.00,57215.7500,0.2501,-1.9646,0.2316,-0.0376,0.0367,18.3267,0.0487,18.2175,8.3816E-04,3.7589E-05,0.0026,-0.0000,-0.0000,24,0.8214,-9.0000,-9.0000,-9.0000,-9.0000,-9.0000,37.5408,0.0855,0.0000,-0.0709,0.8190,0.0000
PS15bif,100,150,1,0.07937,0.00027,0.07855,0.00027,0.07845,0.00094,27.75,250.00,0.06,-9.0,-9.0,-999.0,-999.0,-9.0,-9.00,9.74,0.12,1.34,-999.00,57234.0234,0.2760,0.4122,0.3285,-0.0053,0.0282,18.2246,0.0382,18.3405,9.2083E-04,3.2381E-05,0.0046,-0.0000,-0.0000,20,0.1010,-9.0000,-9.0000,-9.0000,-9.0000,-9.0000,37.6637,0.0977,0.0000,-0.0520,1.0000,0.0032
PS15bjg,117,150,1,0.06889,0.00001,0.06758,0.00001,0.06786,0.00089,-77.80,250.00,0.08,-9.0,-9.0,-999.0,-999.0,-9.0,-9.00,11.05,0.08,1.55,-999.00,57239.0625,0.2458,-1.0917,0.2594,-0.0921,0.0332,18.0392,0.0481,18.2002,1.0922E-03,4.8359E-05,0.0020,-0.0000,-0.0000,22,0.1116,-9.0000,-9.0000,-9.0000,-9.0000,-9.0000,37.5234,0.0828,0.0000,-0.0307,0.7600,0.0000
PS15brr,134,150,1,0.05180,0.00009,0.05063,0.00009,0.05049,0.00088,40.27,250.00,0.03,-9.0,-9.0,-999.0,-999.0,-9.0,-9.00,9.82,0.03,0.95,-999.00,57259.8008,0.7210,0.7552,0.2752,-0.0622,0.0273,17.0235,0.0474,17.3436,2.7835E-03,1.2150E-04,0.0004,0.0000,-0.0000,11,0.1714,-9.0000,-9.0000,-9.0000,-9.0000,-9.0000,36.6668,0.0962,0.0000,-0.0235,1.0000,0.0017
PS15bsq,152,150,1,0.03430,0.00002,0.03309,0.00002,0.03371,0.00086,-179.38,250.00,0.03,-9.0,-9.0,-999.0,-999.0,-9.0,-9.00,10.91,0.10,1.52,-999.00,57262.8047,0.1526,0.6608,0.1481,-0.0642,0.0201,16.2701,0.0254,16.6351,5.5712E-03,1.3042E-04,0.0005,-0.0000,-0.0000,14,0.8828,-9.0000,-9.0000,-9.0000,-9.0000,-9.0000,35.9584,0.0934,0.0000,-0.0397,1.0000,0.0008
PS15bwh,170,150,1,0.07267,0.00043,0.07149,0.00043,0.07158,0.00099,-27.12,250.00,0.02,-9.0,-9.0,-999.0,-999.0,-9.0,-9.00,9.54,0.06,2.29,-999.00,57278.8789,0.2372,1.0348,0.2423,-0.1102,0.0265,17.6647,0.0342,18.1500,1.5422E-03,4.8546E-05,0.0007,-0.0000,-0.0000,18,0.7042,-9.0000,-9.0000,-9.0000,-9.0000,-9.0000,37.4732,0.0855,0.0000,0.0060,0.8810,0.0000
PS15bzz,12,150,1,0.08024,0.00001,0.07901,0.00001,0.07931,0.00090,-83.73,250.00,0.02,-9.0,-9.0,-999.0,-999.0,-9.0,-9.00,10.53,0.10,1.38,-999.00,57284.4961,0.6148,-0.8444,0.2388,-0.0094,0.0280,18.3441,0.0385,18.3250,8.2480E-04,2.9278E-05,-0.0011,0.0000,-0.0000,21,0.3635,-9.0000,-9.0000,-9.0000,-9.0000,-9.0000,37.6482,0.0930,0.0000,-0.0687,0.9550,0.0000
PS15cms,65,150,1,0.06479,0.00003,0.06603,0.00003,0.06627,0.00089,-69.58,250.00,0.02,-9.0,-9.0,-999.0,-999.0,-9.0,-9.00,10.67,0.09,1.08,-999.00,57326.5430,0.2466,1.0692,0.1663,0.0223,0.0284,17.8535,0.0415,18.0507,1.2960E-03,4.9539E-05,0.0001,-0.0000,-0.0000,24,0.9625,-9.0000,-9.0000,-9.0000,-9.0000,-9.0000,37.3739,0.1045,0.0000,-0.0758,1.0000,0.0030
PS15cwx,101,150,1,0.03007,0.00011,0.03007,0.00011,0.03086,0.00087,-232.02,250.00,0.15,-9.0,-9.0,-999.0,-999.0,-9.0,-9.00,10.19,0.13,1.54,-999.00,57348.6211,0.0261,-1.4476,0.1089,-0.0640,0.0250,16.1950,0.0439,16.2240,5.9702E-03,2.4151E-04,-0.0004,-0.0000,-0.0000,23,0.9982,-9.0000,-9.0000,-9.0000,-9.0000,-9.0000,35.5472,0.1034,0.0000,-0.0436,1.0000,0.0008
PS15cze,118,150,1,0.03937,0.00002,0.03891,0.00002,0.04035,0.00087,-414.19,250.00,0.18,-9.0,-9.0,-999.0,-999.0,-9.0,-9.00,10.73,0.30,1.33,-999.00,57364.4375,0.1713,-1.7548,0.2381,0.1204,0.0278,17.6202,0.0489,17.0667,1.6066E-03,7.2406E-05,0.0009,-0.0000,-0.0000,21,0.0017,-9.0000,-9.0000,-9.0000,-9.0000,-9.0000,36.3899,0.1470,0.0000,-0.0853,1.0000,0.0122
PS15mt,135,150,1,0.07085,0.00009,0.07193,0.00009,0.07193,0.00090,-2.23,250.00,0.02,-9.0,-9.0,-999.0,-999.0,-9.0,-9.00,9.21,0.21,0.62,-999.00,57106.0078,0.4110,1.4642,0.3776,-0.1036,0.0276,17.8770,0.0357,18.4089,1.2682E-03,4.1674E-05,0.0027,-0.0000,-0.0000,14,0.7522,-9.0000,-9.0000,-9.0000,-9.0000,-9.0000,37.7321,0.1017,0.0000,0.0078,0.8890,0.0000
PS16aer,153,150,1,0.05547,0.00001,0.05668,0.00001,0.05693,0.00088,-71.05,250.00,0.02,-9.0,-9.0,-999.0,-999.0,-9.0,-9.00,10.76,0.17,0.90,-999.00,57434.1172,0.1570,-0.0396,0.2105,0.0342,0.0226,17.8340,0.0289,17.8248,1.3195E-03,3.5137E-05,0.0015,-0.0000,-0.0000,25,0.3542,-9.0000,-9.0000,-9.0000,-9.0000,-9.0000,37.1480,0.1039,0.0000,-0.0851,1.0000,0.0046
PS16axi,171,150,1,0.03930,0.00001,0.04056,0.00001,0.04089,0.00087,-93.28,250.00,0.03,-9.0,-9.0,-999.0,-999.0,-9.0,-9.00,10.53,0.16,1.23,-999.00,57461.2773,0.0155,-0.6738,0.1894,-0.0150,0.0244,16.9108,0.0331,16.9342,3.0881E-03,9.4280E-05,0.0010,-0.0000,-0.0000,18,0.4198,-9.0000,-9.0000,-9.0000,-9.0000,-9.0000,36.2574,0.1016,0.0000,-0.0664,1.0000,0.0024
PS16ayd,13,150,1,0.05399,0.00001,0.05485,0.00001,0.05469,0.00088,45.73,250.00,0.04,-9.0,-9.0,-999.0,-999.0,-9.0,-9.00,10.82,0.23,1.20,-999.00,57461.1875,0.4200,1.0047,0.2204,-0.1300,0.0221,17.1542,0.0287,17.7359,2.4679E-03,6.5226E-05,0.0012,-0.0000,-0.0000,22,0.5753,-9.0000,-9.0000,-9.0000,-9.0000,-9.0000,37.0591,0.0739,0.0000,0.0040,0.8210,0.0000
PS16bby,30,150,1,0.05342,0.00008,0.05430,0.00008,0.05468,0.00088,-108.88,250.00,0.10,-9.0,-9.0,-999.0,-999.0,-9.0,-9.00,10.56,0.08,1.03,-999.00,57467.3594,0.2785,-1.1653,0.2746,0.0057,0.0288,17.6706,0.0407,17.5599,1.5338E-03,5.7476E-05,0.0029,-0.0000,-0.0000,15,0.7686,-9.0000,-9.0000,-9.0000,-9.0000,-9.0000,36.8831,0.1034,0.0000,-0.0757,1.0000,0.0029
PS16bnz,48,150,1,0.06270,0.00021,0.06398,0.00021,0.06446,0.00091,-135.38,250.00,0.04,-9.0,-9.0,-999.0,-999.0,-9.0,-9.00,9.41,0.34,1.45,-999.00,57487.6562,0.2552,-1.0652,0.2404,-0.1068,0.0280,17.6863,0.0345,17.8375,1.5118E-03,4.8101E-05,0.0019,-0.0000,-0.0000,17,0.7625,-9.0000,-9.0000,-9.0000,-9.0000,-9.0000,37.1607,0.0905,0.0000,-0.0082,0.9460,0.0000
PS16cqa,84,150,1,0.04386,0.00001,0.04433,0.00001,0.04521,0.00087,-252.76,250.00,0.03,-9.0,-9.0,-999.0,-999.0,-9.0,-9.00,10.71,0.14,1.59,-999.00,57545.3398,0.6765,-2.8264,0.4044,0.1800,0.0424,18.2410,0.0690,17.3374,9.0700E-04,5.7605E-05,0.0016,0.0000,-0.0000,14,0.0066,-9.0000,-9.0000,-9.0000,-9.0000,-9.0000,36.6606,0.1940,0.0000,-0.0934,1.0000,0.0153
PS16cvc,102,150,1,0.02954,0.00009,0.02844,0.00009,0.02915,0.00086,-206.27,250.00,0.08,-9.0,-9.0,-999.0,-999.0,-9.0,-9.00,8.95,0.14,0.51,-999.00,57564.5938,0.2924,1.2016,0.1321,-0.0934,0.0193,16.0454,0.0312,16.5178,6.8523E-03,1.9717E-04,-0.0002,-0.0000,-0.0000,32,0.0487,-9.0000,-9.0000,-9.0000,-9.0000,-9.0000,35.8410,0.1031,0.0000,-0.0065,1.0000,0.0018
PS16dnp,119,150,1,0.05127,0.00003,0.04998,0.00003,0.05023,0.00088,-70.97,250.00,0.08,-9.0,-9.0,-999.0,-999.0,-9.0,-9.00,8.23,0.87,0.47,-999.00,57598.4219,0.3460,1.0310,0.2844,-0.0630,0.0220,17.2989,0.0312,17.6617,2.1599E-03,6.2136E-05,0.0015,-0.0000,-0.0000,19,0.1412,-9.0000,-9.0000,-9.0000,-9.0000,-9.0000,36.9849,0.0936,0.0000,-0.0191,1.0000,0.0017
PS16el,136,150,1,0.04781,0.00001,0.04896,0.00001,0.04940,0.00087,-126.33,250.00,0.03,-9.0,-9.0,-999.0,-999.0,-9.0,-9.00,10.21,0.13,1.04,-999.00,57395.1289,0.2265,-0.9979,0.1803,-0.0324,0.0246,17.3411,0.0309,17.3588,2.0777E-03,5.9055E-05,-0.0000,-0.0000,-0.0000,17,0.6027,-9.0000,-9.0000,-9.0000,-9.0000,-9.0000,36.6820,0.0928,0.0000,-0.0586,1.0000,0.0010
PS16em,154,150,1,0.06982,0.00017,0.07113,0.00017,0.07083,0.00091,84.91,250.00,0.04,-9.0,-9.0,-999.0,-999.0,-9.0,-9.00,10.40,0.15,1.08,-999.00,57386.8828,0.8783,-0.9804,0.1931,0.1650,0.0531,18.7629,0.0872,18.2199,5.6086E-04,4.5028E-05,-0.0023,0.0000,-0.0000,31,0.6864,-9.0000,-9.0000,-9.0000,-9.0000,-9.0000,37.5431,0.1510,0.0000,-0.1106,1.0000,0.0108
PS16evk,172,150,1,0.05447,0.00001,0.05320,0.00001,0.05262,0.00088,165.11,250.00,0.06,-9.0,-9.0,-999.0,-999.0,-9.0,-9.00,10.14,0.12,1.38,-999.00,57695.3398,0.6438,1.3994,0.3170,-0.0104,0.0265,17.4209,0.0408,17.7577,1.9304E-03,7.2518E-05,0.0020,-0.0000,-0.0000,10,0.4242,-9.0000,-9.0000,-9.0000,-9.0000,-9.0000,37.0809,0.1070,0.0000,-0.0605,1.0000,0.0021
PS16fa,14,150,1,0.04611,0.00001,0.04734,0.00001,0.04760,0.00087,-74.09,250.00,0.02,-9.0,-9.0,-999.0,-999.0,-9.0,-9.00,10.60,0.11,0.90,-999.00,57400.4727,0.2595,-0.6071,0.1202,0.0193,0.0183,17.4406,0.0217,17.3815,1.8956E-03,3.7963E-05,-0.0001,-0.0000,-0.0000,25,0.9235,-9.0000,-9.0000,-9.0000,-9.0000,-9.0000,36.7047,0.1010,0.0000,-0.0799,1.0000,0.0041
PS16fbb,31,150,1,0.05250,0.00010,0.05139,0.00010,0.05106,0.00088,91.74,250.00,0.02,-9.0,-9.0,-999.0,-999.0,-9.0,-9.00,9.18,0.16,0.53,-999.00,57719.5898,0.1980,0.4393,0.2181,-0.0502,0.0247,17.2858,0.0307,17.5260,2.1861E-03,6.1713E-05,0.0008,-0.0000,-0.0000,21,0.1051,-9.0000,-9.0000,-9.0000,-9.0000,-9.0000,36.8492,0.0987,0.0000,-0.0318,1.0000,0.0019
PS16n,49,150,1,0.05273,0.00002,0.05268,0.00002,0.05309,0.00088,-119.13,250.00,0.07,-9.0,-9.0,-999.0,-999.0,-9.0,-9.00,10.17,0.04,1.26,-999.00,57392.5977,0.2417,-0.0033,0.1769,-0.0524,0.0260,17.4285,0.0368,17.6573,1.9170E-03,6.4986E-05,0.0008,-0.0000,-0.0000,25,0.1057,-9.0000,-9.0000,-9.0000,-9.0000,-9.0000,36.9805,0.0831,0.0000,-0.0474,0.9070,0.0000
PS17akj,67,150,1,0.04681,0.00001,0.04780,0.00001,0.04777,0.00087,8.61,250.00,0.04,-9.0,-9.0,-999.0,-999.0,-9.0,-9.00,9.11,0.22,0.32,-999.00,57798.8125,0.3103,1.3809,0.2243,-0.0428,0.0229,16.9926,0.0297,17.3492,2.8640E-03,7.8342E-05,0.0000,-0.0000,-0.0000,10,0.1038,-9.0000,-9.0000,-9.0000,-9.0000,-9.0000,36.6724,0.1043,0.0000,-0.0197,1.0000,0.0022
PS17bii,85,150,1,0.07339,0.00002,0.07467,0.00002,0.07446,0.00090,58.34,250.00,0.07,-9.0,-9.0,-999.0,-999.0,-9.0,-9.00,10.57,0.10,1.07,-999.00,57812.2031,0.3425,-0.8764,0.2564,-0.0179,0.0362,18.1403,0.0481,18.1400,9.9511E-04,4.4096E-05,0.0009,-0.0000,-0.0000,15,0.2239,-9.0000,-9.0000,-9.0000,-9.0000,-9.0000,37.4632,0.1058,0.0000,-0.0660,0.9350,0.0000
PS17tn,103,150,1,0.04470,0.00001,0.04549,0.00001,0.04590,0.00087,-116.66,250.00,0.01,-9.0,-9.0,-999.0,-999.0,-9.0,-9.00,10.31,0.09,1.55,-999.00,57785.8125,0.1152,-0.5191,0.1279,0.0697,0.0205,17.3467,0.0261,17.1518,2.0668E-03,4.9678E-05,0.0005,-0.0000,-0.0000,34,0.7946,-9.0000,-9.0000,-9.0000,-9.0000,-9.0000,36.4750,0.1216,0.0000,-0.0871,1.0000,0.0084
PS17yt,120,150,1,0.06976,0.00002,0.07046,0.00002,0.07073,0.00089,-73.43,250.00,0.01,-9.0,-9.0,-999.0,-999.0,-9.0,-9.00,10.17,0.14,0.97,-999.00,57786.7734,0.1708,0.0374,0.2052,-0.1210,0.0241,17.7919,0.0329,18.1962,1.3717E-03,4.1537E-05,0.0009,-0.0000,-0.0000,44,0.9493,-9.0000,-9.0000,-9.0000,-9.0000,-9.0000,37.5194,0.0704,0.0000,-0.0024,0.7210,0.0000
PSNJ0153424,155,150,1,0.02565,0.00001,0.02474,0.00001,0.02556,0.00085,-237.62,250.00,0.05,-9.0,-9.0,-999.0,-999.0,-9.0,-9.00,10.65,0.14,1.02,-999.00,57393.6289,0.1308,-0.3973,0.1042,0.1077,0.0196,16.2316,0.0257,15.9297,5.7724E-03,1.3652E-04,0.0003,-0.0000,-0.0000,21,0.7127,-9.0000,-9.0000,-9.0000,-9.0000,-9.0000,35.2529,0.1471,0.0000,-0.0791,1.0000,0.0117
PSNJ0859349,32,150,1,0.02812,0.00001,0.02874,0.00001,0.02938,0.00086,-185.72,250.00,0.02,-9.0,-9.0,-999.0,-999.0,-9.0,-9.00,10.35,0.08,0.76,-999.00,57099.0938,0.2586,-0.7746,0.1381,0.0942,0.0195,16.5328,0.0250,16.2166,4.3739E-03,1.0069E-04,0.0006,-0.0000,-0.0000,28,0.6803,-9.0000,-9.0000,-9.0000,-9.0000,-9.0000,35.5399,0.1395,0.0000,-0.0834,1.0000,0.0108
PSNJ1204051,50,150,1,0.04385,0.00001,0.04502,0.00001,0.04545,0.00087,-123.44,250.00,0.03,-9.0,-9.0,-999.0,-999.0,-9.0,-9.00,10.35,0.09,0.73,-999.00,57170.3359,0.4460,1.3891,0.2305,0.0219,0.0210,17.0792,0.0268,17.3219,2.6444E-03,6.5341E-05,0.0007,-0.0000,-0.0000,14,0.0774,-9.0000,-9.0000,-9.0000,-9.0000,-9.0000,36.6451,0.1094,0.0000,-0.0687,1.0000,0.0044
PSNJ2352371,104,150,1,0.02648,0.00001,0.02525,0.00001,0.02596,0.00085,-208.22,250.00,0.04,-9.0,-9.0,-999.0,-999.0,-9.0,-9.00,10.71,0.03,1.65,-999.00,57284.6367,0.4171,-2.1172,0.1840,0.0186,0.0256,16.4445,0.0324,16.1367,4.7446E-03,1.4154E-04,0.0005,-0.0000,-0.0000,17,0.0156,-9.0000,-9.0000,-9.0000,-9.0000,-9.0000,35.4599,0.1268,0.0000,-0.0719,1.0000,0.0047
PTSS17-niq,138,150,1,0.06828,0.00001,0.06910,0.00001,0.06897,0.00089,35.46,250.00,0.02,-9.0,-9.0,-999.0,-999.0,-9.0,-9.00,10.97,0.38,1.55,-999.00,57842.7305,0.3189,-0.6978,0.1919,-0.0335,0.0282,17.9957,0.0372,18.0616,1.1369E-03,3.8914E-05,0.0009,-0.0000,-0.0000,19,0.4568,-9.0000,-9.0000,-9.0000,-9.0000,-9.0000,37.3848,0.0827,0.0000,-0.0551,0.8700,0.0000
SN2016aqb,156,150,1,0.06289,0.00004,0.06419,0.00004,0.06384,0.00089,100.70,250.00,0.03,-9.0,-9.0,-999.0,-999.0,-9.0,-9.00,10.14,0.10,0.64,-999.00,57450.6367,0.3071,0.8024,0.2577,-0.0958,0.0228,17.4172,0.0287,17.8854,1.9370E-03,5.1171E-05,0.0015,-0.0000,-0.0000,23,0.9957,-9.0000,-9.0000,-9.0000,-9.0000,-9.0000,37.2086,0.0739,0.0000,-0.0217,0.7850,0.0000
SN2016ayg,174,150,1,0.04269,0.00012,0.04328,0.00012,0.04349,0.00088,-60.56,250.00,0.04,-9.0,-9.0,-999.0,-999.0,-9.0,-9.00,8.39,0.09,0.92,-999.00,57467.6484,0.1705,-0.1031,0.1685,-0.1105,0.0218,16.9169,0.0281,17.2296,3.0708E-03,7.9614E-05,0.0005,-0.0000,-0.0000,13,0.0550,-9.0000,-9.0000,-9.0000,-9.0000,-9.0000,36.5529,0.0935,0.0000,-0.0036,1.0000,0.0014
SN2016esh,33,150,1,0.04457,0.00003,0.04488,0.00003,0.04583,0.00087,-273.17,250.00,0.03,-9.0,-9.0,-999.0,-999.0,-9.0,-9.00,9.87,0.14,1.36,-999.00,57613.5039,0.2845,-0.8867,0.2778,-0.1334,0.0282,16.8390,0.0360,17.0814,3.2990E-03,1.0925E-04,0.0026,-0.0000,-0.0000,10,0.2288,-9.0000,-9.0000,-9.0000,-9.0000,-9.0000,36.4046,0.0991,0.0000,0.0120,1.0000,0.0009
SN2016glp,69,150,1,0.08493,0.00012,0.08366,0.00012,0.08410,0.00091,-122.00,250.00,0.05,-9.0,-9.0,-999.0,-999.0,-9.0,-9.00,10.31,0.07,0.92,-999.00,57658.5977,0.2086,1.3113,0.3132,0.1541,0.0370,18.8947,0.0561,18.7469,4.9671E-04,2.5659E-05,0.0031,-0.0000,-0.0000,30,0.0061,-9.0000,-9.0000,-9.0000,-9.0000,-9.0000,38.0701,0.1290,0.0000,-0.1030,1.0000,0.0073
SN2016glz,87,150,1,0.04099,0.00007,0.03975,0.00007,0.04077,0.00087,-294.35,250.00,0.07,-9.0,-9.0,-999.0,-999.0,-9.0,-9.00,9.81,0.18,1.01,-999.00,57664.5742,0.4417,1.1386,0.2077,-0.0240,0.0219,16.6046,0.0301,16.8749,4.0942E-03,1.1359E-04,0.0009,-0.0000,-0.0000,17,0.7440,-9.0000,-9.0000,-9.0000,-9.0000,-9.0000,36.1981,0.1065,0.0000,-0.0310,1.0000,0.0042
SN2016gmb,105,150,1,0.05827,0.00008,0.05708,0.00008,0.05830,0.00089,-343.70,250.00,0.03,-9.0,-9.0,-999.0,-999.0,-9.0,-9.00,9.37,0.13,0.75,-999.00,57656.9180,0.8127,1.2026,0.2994,-0.0815,0.0336,17.3421,0.0592,17.7761,2.0758E-03,1.1315E-04,0.0003,-0.0000,-0.0000,11,0.9276,-9.0000,-9.0000,-9.0000,-9.0000,-9.0000,37.0993,0.1051,0.0000,-0.0053,1.0000,0.0011
SN2016grz,122,150,1,0.08748,0.00050,0.08656,0.00050,0.08704,0.00103,-133.26,250.00,0.04,-9.0,-9.0,-999.0,-999.0,-9.0,-9.00,9.27,0.15,1.12,-999.00,57669.5430,0.7758,1.6020,0.4713,0.0416,0.0337,18.6290,0.0451,18.7757,6.3448E-04,2.6352E-05,0.0061,-0.0000,-0.0000,16,0.1590,-9.0000,-9.0000,-9.0000,-9.0000,-9.0000,38.0989,0.1210,0.0000,-0.0374,1.0000,0.0050
SN2016hhv,139,150,1,0.06194,0.00014,0.06067,0.00014,0.06121,0.00090,-151.97,250.00,0.05,-9.0,-9.0,-999.0,-999.0,-9.0,-9.00,10.96,0.12,1.24,-999.00,57692.8516,1.1056,-0.7334,0.4187,-0.1477,0.0459,17.6687,0.0753,18.0181,1.5364E-03,1.0653E-04,-0.0078,0.0000,-0.0000,8,0.5932,-9.0000,-9.0000,-9.0000,-9.0000,-9.0000,37.3413,0.1216,0.0000,0.0120,0.7670,0.0000
SN2016hpx,157,150,1,0.03338,0.00046,0.03370,0.00046,0.03282,0.00098,254.85,250.00,0.02,-9.0,-9.0,-999.0,-999.0,-9.0,-9.00,9.59,0.05,0.62,-999.00,57703.8828,0.2107,0.7788,0.1441,-0.0205,0.0250,16.2068,0.0359,16.4084,5.9059E-03,1.9524E-04,0.0008,-0.0000,-0.0000,14,0.3805,-9.0000,-9.0000,-9.0000,-9.0000,-9.0000,35.7316,0.1135,0.0000,-0.0312,1.0000,0.0046
SN2016ixf,175,150,1,0.06602,0.00011,0.06723,0.00011,0.06711,0.00090,32.32,250.00,0.03,-9.0,-9.0,-999.0,-999.0,-9.0,-9.00,8.59,0.03,0.92,-999.00,57742.9961,0.8525,0.7045,0.3309,-0.0999,0.0328,17.8042,0.0502,18.2156,1.3562E-03,6.2739E-05,-0.0013,0.0000,-0.0000,11,0.0464,-9.0000,-9.0000,-9.0000,-9.0000,-9.0000,37.5388,0.1100,0.0000,-0.0054,0.9370,0.0000
SN2017cii,15,150,1,0.03323,0.00001,0.03337,0.00001,0.03289,0.00086,138.77,250.00,0.06,-9.0,-9.0,-999.0,-999.0,-9.0,-9.00,9.32,0.17,0.62,-999.00,57837.4336,0.6021,0.4862,0.1705,-0.0877,0.0226,16.2875,0.0407,16.6334,5.4826E-03,2.0539E-04,-0.0006,0.0000,-0.0000,14,0.4039,-9.0000,-9.0000,-9.0000,-9.0000,-9.0000,35.9567,0.1025,0.0000,-0.0129,1.0000,0.0019
SN2017cjv,52,150,1,0.05953,0.00014,0.06079,0.00014,0.06092,0.00090,-37.28,250.00,0.03,-9.0,-9.0,-999.0,-999.0,-9.0,-9.00,10.72,0.19,1.45,-999.00,57839.9883,0.7264,-1.1511,0.2433,-0.1237,0.0294,17.6706,0.0394,17.8956,1.5337E-03,5.5708E-05,-0.0015,0.0000,-0.0000,23,0.1313,-9.0000,-9.0000,-9.0000,-9.0000,-9.0000,37.2189,0.0896,0.0000,-0.0056,0.7820,0.0000
SN2017ckx,70,150,1,0.02716,0.00000,0.02779,0.00000,0.02858,0.00086,-229.77,250.00,0.03,-9.0,-9.0,-999.0,-999.0,-9.0,-9.00,10.33,0.06,1.14,-999.00,57846.9961,0.4251,1.4870,0.2374,0.0153,0.0259,16.0276,0.0349,16.2996,6.9654E-03,2.2415E-04,0.0009,-0.0000,-0.0000,8,0.5028,-9.0000,-9.0000,-9.0000,-9.0000,-9.0000,35.6228,0.1261,0.0000,-0.0615,1.0000,0.0045
SN2017coa,88,150,1,0.04000,0.00300,0.04045,0.00300,0.04095,0.00312,-143.56,250.00,0.06,-9.0,-9.0,-999.0,-999.0,-9.0,-9.00,9.34,0.06,2.29,-999.00,57848.9375,0.4844,0.9624,0.2640,-0.0082,0.0266,16.9882,0.0370,17.1836,2.8757E-03,9.7995E-05,0.0012,-0.0000,-0.0000,10,0.5637,-9.0000,-9.0000,-9.0000,-9.0000,-9.0000,36.5069,0.1214,0.0000,-0.0337,1.0000,0.0055
SN2017cpu,106,150,1,0.05440,0.00001,0.05529,0.00001,0.05502,0.00088,78.29,250.00,0.02,-9.0,-9.0,-999.0,-999.0,-9.0,-9.00,11.03,0.20,2.17,-999.00,57847.7383,0.4859,0.8759,0.2563,-0.0668,0.0236,17.0999,0.0310,17.5076,2.5943E-03,7.4145E-05,0.0011,-0.0000,-0.0000,14,0.3778,-9.0000,-9.0000,-9.0000,-9.0000,-9.0000,36.8308,0.0872,0.0000,-0.0396,0.8780,0.0000
SN2017hn,123,150,1,0.02385,0.00001,0.02492,0.00001,0.02557,0.00085,-189.32,250.00,0.03,-9.0,-9.0,-999.0,-999.0,-9.0,-9.00,10.58,0.10,1.23,-999.00,57768.2148,0.4098,0.7842,0.2054,-0.0100,0.0235,15.6523,0.0310,15.8835,9.8421E-03,2.8087E-04,0.0006,-0.0000,-0.0000,8,0.8621,-9.0000,-9.0000,-9.0000,-9.0000,-9.0000,35.2067,0.1183,0.0000,-0.0550,1.0000,0.0029
SN2017mf,158,150,1,0.02561,0.00001,0.02618,0.00001,0.02598,0.00086,59.01,250.00,0.01,-9.0,-9.0,-999.0,-999.0,-9.0,-9.00,10.57,0.07,0.84,-999.00,57779.0625,0.4538,0.0601,0.2074,0.0217,0.0216,16.0368,0.0282,16.0684,6.9068E-03,1.7913E-04,0.0010,-0.0000,-0.0000,9,0.7283,-9.0000,-9.0000,-9.0000,-9.0000,-9.0000,35.3916,0.1237,0.0000,-0.0707,1.0000,0.0050
SN2017ms,176,150,1,0.02448,0.00001,0.02538,0.00001,0.02591,0.00086,-156.12,250.00,0.01,-9.0,-9.0,-999.0,-999.0,-9.0,-9.00,9.08,0.11,0.79,-999.00,57782.3438,0.0307,0.7902,0.2636,-0.1164,0.0232,15.5470,0.0266,16.0189,1.0844E-02,2.6579E-04,0.0007,-0.0000,-0.0000,8,0.0257,-9.0000,-9.0000,-9.0000,-9.0000,-9.0000,35.3421,0.1160,0.0000,-0.0007,1.0000,0.0014
iPTF17dz,81,150,1,0.09200,0.01000,0.09284,0.01000,0.09293,0.01004,-26.35,250.00,0.02,-9.0,-9.0,-999.0,-999.0,-9.0,-9.00,9.87,0.38,2.27,-999.00,57767.3594,1.2266,1.5919,0.9491,0.0752,0.1079,18.9832,0.2087,19.0198,4.5783E-04,8.8021E-05,0.0444,-0.0000,-0.0000,13,0.5025,-9.0000,-9.0000,-9.0000,-9.0000,-9.0000,38.3430,0.2873,0.0000,-0.0336,1.0000,0.0052
,,,,,,,,,,,,,,,,,,,,,,,,,,,,,,,,,,,,,,,,,,,,,,,,,